x,y,y1,y2,y3,y4,y5,y6,y7,undefined,y8,y9,y10,y11,y12,y13,y14,y15,y16,y17,y18,y19,y20,y21,y22,y23,y24,y25
1517439600,8.11,,8.16,,,,,,7.455,3.897,,13.8,,311.1,,5.146,,74.75,,,,1.77,,6.984,,7999,1
1517443200,6.872999999999999,,6.869,,,,,,7.284,4.217,,15.3,,269.7,,11.3,,83.6,,,,0.59,,6.976,,7999,1
1517446800,6.124,,6.261,,,,,,7.11,4.588,,12.5,,277.6,,8.17,,89.3,,,,0.055999999999999994,,6.954,,,1
1517450400,6.087999999999999,,6.225,,,,,,7.079,4.547,,10.9,,273,,7.507999999999999,,89.3,,,,0.127,,6.944,,,1
1517454000,5.957000000000001,,6.037000000000001,,,,,,6.98,4.363,,13.7,,268.4,,9.43,,89.3,,,,1.239,,6.949,,,1
1517457600,5.787999999999999,,5.812,,,,,,6.92,3.6010000000000004,,14.6,,263.1,,11.72,,86,,,,1.379,,6.922000000000001,,,1
1517461200,5.289,,5.3389999999999995,,,,,,6.867999999999999,3.34,,15.3,,265.7,,10.86,,87.2,,,,0.209,,6.895,,,1
1517464800,5.2620000000000005,,5.26,,,,,,6.794,3.267,,12.1,,269,,9.4,,87.3,,,,0.532,,6.867999999999999,,,1
1517468400,4.208,,4.346,,,,,,6.654,2.478,,10.4,,310.3,,4.422,,88,,,,1.069,,6.843,,,1
1517472000,4.038,,4.083,,,,,,6.325,2.219,,8.7,,321.6,,3.0180000000000002,,88,,,,15.13,,6.837000000000001,,,1
1517475600,4.377,,4.365,,,,,,6.437,2.505,,6.5,,320.1,,2.667,,88,,,,29.01,,6.831,,,1
1517479200,4.822,,4.821000000000001,,,,,,6.585,1.518,,8.7,,254.4,,5.975,,79.63,,,,50.24,,6.835,,,1
1517482800,4.346,,4.316,,,,,,6.544,1.59,,8.9,,251.5,,6.0760000000000005,,82.7,,,,96.2,,6.847,,7999,1
1517486400,4.64,,4.615,,,,,,6.517,0.985,,5.8,,266,,4.29,,77.6,,,,80.8,,6.857,,7999,1
1517490000,4.927,,4.898,,,,,,6.671,-0.077,,6.7,,273,,3.827,,70.48,,,,97,,6.858,,7999,1
1517493600,5.081,,5.077,,,,,,6.672000000000001,-0.195,,8.7,,253.7,,5.631,,68.97,,,,102.7,,6.86,,7999,1
1517497200,5.26,,5.233,,,,,,6.676,-1.05,,6.8,,262.9,,3.445,,64.15,,,,38.86,,6.852,,7999,1
1517500800,5.447,,5.426,,,,,,6.734,-0.7490000000000001,,6.5,,256.4,,4.662,,64.69,,,,31.71,,6.836,,7999,1
1517504400,5.3,,5.276,,,,,,6.6370000000000005,-0.598,,6.4,,265.5,,4.728,,66.1,,,,,,6.824,,7999,1
1517508000,5.02,,4.993,,,,,,6.617000000000001,-0.441,,7,,261.7,,5.534,,68.15,,,,,,6.818,,7999,1
1517511600,4.486000000000001,,4.496,,,,,,6.572,-0.1,,6.9,,292.1,,4.0889999999999995,,72.41,,,,,,6.813,,7999,1
1517515200,3.875,,3.85,,,,,,6.085,0.439,,4.1,,328.7,,2.006,,78.68,,,,,,6.813,,7999,1
1517518800,3.7110000000000003,,3.682,,,,,,6.053,0.315,,3.7,,324.9,,1.567,,78.93,,,,,,6.8020000000000005,,7999,1
1517522400,3.375,,3.26,,,,,,6.17,0.48100000000000004,,3.7,,342,,1.46,,82.3,,,,,,6.827999999999999,,7999,1
1517526000,3.017,,2.969,,,,,,6.157,0.5820000000000001,,5.1,,310.8,,1.8090000000000002,,84.6,,,,,,6.853,,7999,1
1517529600,2.492,,2.4859999999999998,,,,,,6.058,0.8170000000000001,,4.9,,327.3,,1.415,,89.1,,,,,,6.843,,7999,1
1517533200,2.589,,2.516,,,,,,5.9639999999999995,0.992,,3,,300.6,,1.178,,90,,,,,,6.846,,7999,1
1517536800,2.254,,2.207,,,,,,5.952999999999999,1.105,,2.7,,55.39,,0.9359999999999999,,92.8,,,,,,6.87,,,1
1517540400,1.618,,1.5619999999999998,,,,,,5.6579999999999995,0.5720000000000001,,2.7,,57.93,,1.607,,93.5,,,,,,6.872999999999999,,,1
1517544000,0.7859999999999999,,0.6679999999999999,,,,,,5.313,-0.23,,2.1,,44.3,,1.268,,94,,,,,,6.867999999999999,,,1
1517547600,0.484,,0.304,,,,,,4.923,-1.065,,2.7,,38.66,,1.499,,90.9,,,,,,6.862,,,1
1517551200,-0.262,,-0.502,,,,,,4.744,-1.56,,1.8,,35.96,,1.433,,92.9,,,,,,6.851,,,1
1517554800,-0.46299999999999997,,-0.711,,,,,,4.7,-2.376,,2.1,,48.86,,1.435,,88.8,,,,,,6.849,,,1
1517558400,-0.44799999999999995,,-0.664,,,,,,4.683,-3.01,,2.1,,39.02,,1.6580000000000001,,84.4,,,,115.7,,6.872000000000001,,,1
1517562000,1.051,,0.696,,,,,,4.957,-1.8619999999999999,,1.8,,40.06,,1.24,,83.3,,,,134.2,,6.862,,7999,1
1517565600,2.9739999999999998,,2.765,,,,,,5.477,-1.301,,1.9,,153.5,,0.8909999999999999,,74.95,,,,380,,6.886,,7999,1
1517569200,3.5780000000000003,,3.8789999999999996,,,,,,6.114,-1.238,,1.8,,165.2,,0.71,,69.56,,,,463.2,,6.905,,7999,1
1517572800,3.353,,3.8360000000000003,,,,,,6.612,-1.7590000000000001,,3.6,,161.6,,1.705,,67.1,,,,503.7,,6.973,,7999,1
1517576400,3.534,,4.125,,,,,,6.6739999999999995,-1.778,,4.1,,167.8,,3.023,,65.66,,,,482.2,,7.022,,7999,1
1517580000,4.194,,4.794,,,,,,6.902,-2.628,,2.7,,177.3,,1.841,,58.9,,,,421.4,,7.025,,7999,1
1517583600,4.388999999999999,,4.78,,,,,,7.331,-3.3539999999999996,,2.8,,188,,1.673,,55.85,,,,56.62,,7.028,,7999,1
1517587200,4.388999999999999,,4.42,,,,,,6.697,-3.8360000000000003,,1.9,,171.6,,0.883,,55.21,,,,27.83,,7.029,,7999,1
1517590800,3.752,,3.537,,,,,,6.228,-2.677,,1.3,,21.01,,0.925,,64.18,,,,,,7.028,,7999,1
1517594400,3.5780000000000003,,3.216,,,,,,6.141,-1.943,,1.2,,22.72,,0.8170000000000001,,69.22,,,,,,7.021,,7999,1
1517598000,3.404,,3.188,,,,,,6.233,-0.7090000000000001,,1.3,,34.84,,0.8909999999999999,,75.92,,,,,,7.006,,7999,1
1517601600,3.867,,3.78,,,,,,6.271,-1.2670000000000001,,3.6,,233.5,,1.568,,69.97,,,,,,6.994,,7999,1
1517605200,4.048,,4.019,,,,,,6.357,-2.234,,4.2,,187.4,,2.645,,63.97,,,,,,6.989,,7999,1
1517608800,3.011,,2.833,,,,,,6.039,-0.775,,1.5,,33.56,,0.899,,77.44,,,,,,6.99,,7999,1
1517612400,2.133,,1.756,,,,,,5.36,-1.147,,1.7,,58.53,,1.068,,81.4,,,,,,6.979,,7999,1
1517616000,0.976,,0.525,,,,,,5.048,-1.625,,1.8,,37.51,,1.3090000000000002,,85.9,,,,,,6.96,,,1
1517619600,1.18,,0.8079999999999999,,,,,,5.276,-3.1239999999999997,,2.1,,53.27,,1.341,,75.36,,,,,,6.936,,,1
1517623200,1.19,,0.9259999999999999,,,,,,5.365,-2.804,,1.6,,61.46,,0.992,,76.45,,,,,,6.912999999999999,,7999,1
1517626800,1.1440000000000001,,1.038,,,,,,5.482,-2.725,,2,,53.06,,1.1,,76.24,,,,,,6.899,,7999,1
1517630400,1.3559999999999999,,1.181,,,,,,5.545,-2.56,,2.3,,53.79,,1.224,,76.39,,,,,,6.89,,7999,1
1517634000,1.423,,1.24,,,,,,5.647,-2.048,,1.5,,31.37,,1.06,,79.04,,,,,,6.888999999999999,,7999,1
1517637600,1.3119999999999998,,1.167,,,,,,5.482,-1.669,,1.5,,43.18,,0.9079999999999999,,81.7,,,,,,6.885,,7999,1
1517641200,1.197,,0.97,,,,,,5.455,-1.8019999999999998,,1.6,,35.47,,1.101,,82,,,,0.7290000000000001,,6.8839999999999995,,7999,1
1517644800,1.2830000000000001,,1.062,,,,,,5.468,-1.524,,1.6,,33.37,,1.208,,83.2,,,,22.42,,6.879,,7999,1
1517648400,1.712,,1.6269999999999998,,,,,,5.626,-0.777,,1.3,,48.3,,0.865,,84.4,,,,73.07,,6.871,,7999,1
1517652000,2.431,,2.435,,,,,,5.545,-1.012,,1.4,,358.7,,0.568,,78.27,,,,122.6,,6.874,,7999,1
1517655600,2.9539999999999997,,2.987,,,,,,5.992000000000001,-1.081,,1.8,,244.3,,1.209,,74.87,,,,534.5,,6.912999999999999,,7999,1
1517659200,3.2310000000000003,,3.3760000000000003,,,,,,6.456,-1.281,,2.4,,217.7,,1.5519999999999998,,71.81,,,,504.2,,6.952000000000001,,7999,1
1517662800,3.321,,3.909,,,,,,6.688,-1.65,,2.6,,178.6,,1.83,,67.32,,,,456.3,,6.962000000000001,,7999,1
1517666400,3.697,,3.7489999999999997,,,,,,6.8420000000000005,-2.542,,2.5,,214,,1.569,,63.71,,,,124.7,,7.034,,7999,1
1517670000,4,,3.964,,,,,,6.557,-2.5269999999999997,,3.3,,259,,1.931,,62.89,,,,79.28,,7.063,,7999,1
1517673600,4.218,,4.1819999999999995,,,,,,5.977,-4.977,,3.2,,341.4,,1.1840000000000002,,51.55,,,,61.24,,6.989,,7999,1
1517677200,3.69,,3.633,,,,,,5.428,-5.888,,2.6,,2.076,,1.298,,49.99,,,,,,6.954,,7999,1
1517680800,3.0069999999999997,,2.972,,,,,,5.477,-5.52,,2.1,,17.69,,0.7859999999999999,,53.87,,,,,,6.959,,7999,1
1517684400,2.6630000000000003,,2.5839999999999996,,,,,,5.507000000000001,-5.379,,2,,89,,1.159,,55.97,,,,,,6.922000000000001,,7999,1
1517688000,1.8130000000000002,,1.6909999999999998,,,,,,5.3,-5.287000000000001,,2.4,,56.2,,1.3840000000000001,,60.08,,,,,,6.888999999999999,,7999,1
1517691600,1.3769999999999998,,1.206,,,,,,5.317,-4.995,,1.6,,40.09,,1.1179999999999999,,63.62,,,,,,6.88,,7999,1
1517695200,0.556,,0.332,,,,,,4.78,-4.462,,1.9,,37.91,,1.45,,70.47,,,,,,6.856,,7999,1
1517698800,-0.184,,-0.545,,,,,,4.563,-4.444,,2,,47.75,,1.368,,75.19,,,,,,6.807,,7999,1
1517702400,-0.37200000000000005,,-0.649,,,,,,4.5680000000000005,-4.468999999999999,,2.3,,46.06,,1.6909999999999998,,75.63,,,,,,6.734,,7999,1
1517706000,-0.461,,-0.767,,,,,,4.375,-4.053,,2.9,,51.17,,1.71,,78.7,,,,,,6.733,,7999,1
1517709600,-0.359,,-0.617,,,,,,4.65,-4.092,,2.9,,47.86,,1.6469999999999998,,77.61,,,,,,6.776,,7999,1
1517713200,-0.031,,-0.245,,,,,,4.822,-4.0760000000000005,,2,,47.74,,1.4669999999999999,,75.63,,,,,,6.79,,7999,1
1517716800,-0.163,,-0.42700000000000005,,,,,,4.706,-4.099,,2.1,,42.39,,1.349,,76.51,,,,,,6.763,,7999,1
1517720400,-0.184,,-0.36200000000000004,,,,,,4.631,-3.7230000000000003,,1.8,,39.87,,1.3230000000000002,,78.32,,,,,,6.723,,7999,1
1517724000,0.09300000000000001,,-0.084,,,,,,4.79,-3.398,,2.4,,45.41,,1.26,,78.64,,,,,,6.76,,7999,1
1517727600,0.213,,0.026000000000000002,,,,,,4.724,-3.77,,2.1,,35.93,,1.4669999999999999,,75.87,,,,2.38,,6.7589999999999995,,7999,1
1517731200,0.47700000000000004,,0.239,,,,,,4.688,-4.335,,2.2,,37.24,,1.5430000000000001,,71.63,,,,74.4,,6.787999999999999,,7999,1
1517734800,1.575,,1.4480000000000002,,,,,,5.26,-4.23,,3.8,,46.93,,1.883,,66.19,,,,256.5,,6.7989999999999995,,7999,1
1517738400,2.7689999999999997,,2.614,,,,,,5.727,-4.24,,4.5,,80.5,,2.637,,60.82,,,,217,,6.779,,7999,1
1517742000,2.7689999999999997,,2.719,,,,,,5.9670000000000005,-4.209,,4.6,,121.8,,2.572,,60.59,,,,209,,6.843,,7999,1
1517745600,3.127,,3.112,,,,,,6.132999999999999,-3.975,,4.1,,109.2,,2.262,,59.91,,,,256.5,,6.872999999999999,,7999,1
1517749200,3.155,,3.33,,,,,,6.315,-3.6660000000000004,,4.1,,168,,2.168,,60.35,,,,208.1,,6.896,,7999,1
1517752800,3.6039999999999996,,3.8169999999999997,,,,,,6.26,-3.318,,2.9,,164.9,,1.492,,59.85,,,,295.6,,6.907,,7999,1
1517756400,4.133,,4.095,,,,,,6.417000000000001,-2.8160000000000003,,3.8,,104.5,,1.6280000000000001,,60.94,,,,138.9,,6.936,,7999,1
1517760000,4.173,,4.102,,,,,,6.454,-3.05,,4.8,,68.55,,2.49,,59.85,,,,43.73,,6.954,,7999,1
1517763600,3.6639999999999997,,3.6010000000000004,,,,,,6.013999999999999,-3.319,,3.6,,47.88,,1.7830000000000001,,60.76,,,,,,6.944,,7999,1
1517767200,3.093,,3.009,,,,,,5.872999999999999,-3.779,,3.8,,47.21,,2.024,,61.21,,,,,,6.903,,7999,1
1517770800,2.983,,2.905,,,,,,5.959,-3.717,,3.3,,47.98,,1.75,,61.96,,,,,,6.888,,7999,1
1517774400,2.943,,2.8369999999999997,,,,,,5.843,-3.887,,3.3,,51.2,,1.858,,61.47,,,,,,6.875,,7999,1
1517778000,2.8680000000000003,,2.7110000000000003,,,,,,5.5089999999999995,-4.052,,3.6,,49.24,,1.733,,61.25,,,,,,6.877999999999999,,7999,1
1517781600,2.9539999999999997,,2.844,,,,,,5.797999999999999,-3.8,,3.1,,46.53,,1.8840000000000001,,61.84,,,,,,6.837999999999999,,7999,1
1517785200,3.092,,3.011,,,,,,5.9510000000000005,-3.075,,3.4,,48.24,,2.15,,64.51,,,,,,6.827000000000001,,7999,1
1517788800,2.96,,2.892,,,,,,6.087000000000001,-2.835,,5.5,,57.36,,2.7089999999999996,,66.24,,,,,,6.837999999999999,,7999,1
1517792400,2.634,,2.573,,,,,,5.907,-2.535,,4.4,,51.09,,2.6919999999999997,,69.29,,,,,,6.83,,7999,1
1517796000,2.1069999999999998,,2.059,,,,,,5.8420000000000005,-1.847,,6.5,,45.76,,3.175,,75.61,,,,,,6.8229999999999995,,7999,1
1517799600,1.834,,1.788,,,,,,5.685,-1.7109999999999999,,5.9,,45.07,,3.0860000000000003,,77.86,,,,,,6.811,,7999,1
1517803200,1.5130000000000001,,1.469,,,,,,5.638,-1.605,,6.7,,50.11,,3.675,,80.3,,,,,,6.792000000000001,,7999,1
1517806800,1.484,,1.423,,,,,,5.612,-1.555,,5.6,,52.32,,3.676,,80.8,,,,,,6.792999999999999,,7999,1
1517810400,1.5519999999999998,,1.495,,,,,,5.587000000000001,-2.1519999999999997,,6.6,,54.62,,3.6180000000000003,,76.97,,,,,,6.7829999999999995,,7999,1
1517814000,1.495,,1.446,,,,,,5.765,-2.3680000000000003,,6.6,,56.73,,3.8160000000000003,,76.01,,,,1.235,,6.795,,7999,1
1517817600,1.455,,1.405,,,,,,5.775,-2.468,,7,,67.79,,3.8939999999999997,,75.67,,,,23.79,,6.777,,7999,1
1517821200,1.5759999999999998,,1.535,,,,,,5.739,-2.6189999999999998,,6.7,,65.56,,4.181,,74.14,,,,35.22,,6.646,,7999,1
1517824800,1.561,,1.5430000000000001,,,,,,5.761,-2.474,,6.9,,57.27,,4.249,,74.91,,,,99.5,,6.579,,7999,1
1517828400,1.567,,1.557,,,,,,5.817,-1.7790000000000001,,8.4,,60.41,,4.496,,78.76,,,,258,,6.632000000000001,,7999,1
1517832000,1.814,,1.801,,,,,,5.853,-1.714,,9,,62.57,,5.0969999999999995,,77.77,,,,150.6,,6.689,,7999,1
1517835600,1.9669999999999999,,1.9569999999999999,,,,,,5.882000000000001,-1.492,,8.6,,62.12,,5.0089999999999995,,78.17,,,,148.6,,6.678,,7999,1
1517839200,2.2030000000000003,,2.154,,,,,,5.882999999999999,-1.506,,9.3,,69.6,,5.447,,77,,,,140.6,,6.68,,7999,1
1517842800,2.563,,2.528,,,,,,5.91,-1.6369999999999998,,7.5,,55.74,,4.416,,74.25,,,,119.8,,6.789,,7999,1
1517846400,2.6310000000000002,,2.59,,,,,,5.841,-1.919,,7.6,,58.73,,3.9960000000000004,,72.41,,,,19.46,,6.79,,7999,1
1517850000,2.4930000000000003,,2.431,,,,,,5.853,-1.993,,7.2,,59.1,,3.968,,72.83,,,,,,6.766,,7999,1
1517853600,2.451,,2.4019999999999997,,,,,,5.769,-2.017,,5.9,,59.83,,3.583,,72.85,,,,,,6.745,,7999,1
1517857200,2.307,,2.231,,,,,,5.607,-2.041,,5.9,,54.3,,3.364,,73.62,,,,,,6.7410000000000005,,7999,1
1517860800,2.13,,2.0580000000000003,,,,,,5.626,-2.324,,6.3,,63.95,,3.698,,72.99,,,,,,6.747000000000001,,7999,1
1517864400,2.1830000000000003,,2.112,,,,,,5.7010000000000005,-2.335,,5.8,,60.62,,3.716,,72.65,,,,,,6.718,,7999,1
1517868000,2.076,,2.009,,,,,,5.684,-2.3480000000000003,,5.8,,58.77,,3.31,,73.11,,,,,,6.659,,7999,1
1517871600,1.956,,1.895,,,,,,5.6129999999999995,-2.479,,5.1,,54.51,,3.273,,73,,,,,,6.607,,7999,1
1517875200,1.6840000000000002,,1.626,,,,,,5.524,-2.464,,5.5,,55.82,,3.21,,74.5,,,,,,6.702000000000001,,7999,1
1517878800,1.517,,1.453,,,,,,5.529,-2.424,,5.1,,55.06,,3.074,,75.66,,,,,,6.707999999999999,,7999,1
1517882400,1.3030000000000002,,1.239,,,,,,5.486000000000001,-2.53,,6.1,,57.65,,3.3539999999999996,,76.23,,,,,,6.68,,7999,1
1517886000,1.094,,1.026,,,,,,5.353,-2.552,,4.3,,56.68,,2.461,,77.28,,,,,,6.7010000000000005,,7999,1
1517889600,1.048,,0.99,,,,,,5.327000000000001,-2.314,,4.7,,47.29,,2.428,,78.86,,,,,,6.71,,7999,1
1517893200,0.785,,0.7290000000000001,,,,,,5.207000000000001,-2.365,,5.6,,53.27,,2.7319999999999998,,80,,,,,,6.7170000000000005,,7999,1
1517896800,0.637,,0.574,,,,,,5.316,-2.55,,5.6,,51.68,,2.8739999999999997,,79.86,,,,,,6.699,,7999,1
1517900400,0.5529999999999999,,0.505,,,,,,5.322,-2.52,,5.6,,46.29,,2.958,,80.4,,,,4.754,,6.707000000000001,,7999,1
1517904000,0.598,,0.565,,,,,,5.247000000000001,-2.394,,5.1,,45.57,,2.885,,80.8,,,,81.3,,6.707999999999999,,7999,1
1517907600,0.73,,0.705,,,,,,5.2410000000000005,-2.358,,5.9,,56.57,,3.49,,80.2,,,,312.7,,6.733,,7999,1
1517911200,1.546,,1.5030000000000001,,,,,,5.367000000000001,-2.033,,5.8,,53.77,,3.0660000000000003,,77.61,,,,380.6,,6.781000000000001,,7999,1
1517914800,2.256,,2.211,,,,,,5.6579999999999995,-1.7530000000000001,,4.4,,66.62,,2.642,,75.3,,,,456.1,,6.809,,7999,1
1517918400,2.968,,2.775,,,,,,5.936,-1.6019999999999999,,4.7,,100,,2.9939999999999998,,73.15,,,,478.3,,6.824,,7999,1
1517922000,3.345,,3.25,,,,,,6.194,-1.3769999999999998,,5.1,,128.1,,3.748,,71.92,,,,412.7,,6.861000000000001,,7999,1
1517925600,3.16,,3.214,,,,,,6.375,-0.68,,4,,219.4,,2.7889999999999997,,75.92,,,,332.8,,6.946000000000001,,7999,1
1517929200,3.679,,3.6660000000000004,,,,,,6.52,-0.48,,2.7,,238.7,,1.23,,74.57,,,,228.8,,6.965,,7999,1
1517932800,3.3989999999999996,,3.37,,,,,,6.172000000000001,-0.254,,2.3,,282.2,,0.8740000000000001,,77.4,,,,27.3,,6.957999999999999,,7999,1
1517936400,3.168,,3.138,,,,,,5.962999999999999,-0.18600000000000003,,2.1,,84.6,,0.883,,79.07,,,,,,6.978,,7999,1
1517940000,2.318,,2.106,,,,,,5.257000000000001,-0.802,,2.4,,50.05,,1.469,,81.4,,,,,,6.971,,7999,1
1517943600,1.493,,1.248,,,,,,4.985,-1.0290000000000001,,1.7,,47.31,,1.099,,85.1,,,,,,6.867000000000001,,7999,1
1517947200,0.902,,0.648,,,,,,5.0360000000000005,-1.104,,1.9,,43.41,,1.276,,88.4,,,,,,6.869,,,1
1517950800,0.871,,0.573,,,,,,4.769,-1.54,,2.1,,34.95,,1.3940000000000001,,86.1,,,,,,6.845,,,1
1517954400,0.335,,0.08900000000000001,,,,,,4.712,-1.6,,2.1,,40.37,,1.473,,88.7,,,,,,6.822,,,1
1517958000,0.5379999999999999,,0.321,,,,,,4.96,-1.57,,2.3,,47.66,,1.2930000000000001,,87.4,,,,,,6.8020000000000005,,,1
1517961600,1.165,,0.9990000000000001,,,,,,5.332999999999999,-1.354,,2.1,,41.48,,1.139,,84.6,,,,,,6.797000000000001,,,1
1517965200,1.589,,1.45,,,,,,5.5,-1.107,,1.9,,59.48,,1.127,,83.4,,,,,,6.806,,7999,1
1517968800,1.76,,1.571,,,,,,5.579,-0.956,,1.5,,43.17,,0.9570000000000001,,83.6,,,,,,6.803,,7999,1
1517972400,1.694,,1.506,,,,,,5.653,-0.624,,1.3,,45.01,,0.95,,86,,,,,,6.805,,7999,1
1517976000,1.797,,1.652,,,,,,5.649,-0.433,,1.4,,34.01,,0.9840000000000001,,86.3,,,,,,6.795,,7999,1
1517979600,2,,1.8530000000000002,,,,,,5.687,-0.19,,1.5,,38.36,,1.067,,86.6,,,,,,6.79,,7999,1
1517983200,2.144,,2.064,,,,,,5.784,-0.42700000000000005,,2.8,,52.5,,1.3259999999999998,,83.9,,,,,,6.792999999999999,,7999,1
1517986800,2.097,,2.022,,,,,,5.805,-0.982,,2,,48.5,,1.2570000000000001,,80.8,,,,,,6.7860000000000005,,7999,1
1517990400,2.205,,2.117,,,,,,5.834,-1.5230000000000001,,2.5,,55.63,,1.375,,77.18,,,,12.21,,6.796,,7999,1
1517994000,2.635,,2.59,,,,,,5.87,-2.379,,2.2,,106.8,,0.8540000000000001,,70,,,,20.94,,6.803999999999999,,7999,1
1517997600,2.863,,2.8569999999999998,,,,,,6.062,-1.348,,4.1,,252.9,,1.827,,74.41,,,,15.67,,6.7860000000000005,,7999,1
1518001200,2.815,,2.8110000000000004,,,,,,6.074,0.295,,4,,264.6,,1.89,,83.8,,,,35.31,,6.782,,7999,1
1518004800,2.506,,2.523,,,,,,6.159,0.5,,5,,281,,2.9389999999999996,,86.8,,,,31.13,,6.7829999999999995,,7999,1
1518008400,2.47,,2.447,,,,,,5.985,0.213,,3.8,,302,,1.6219999999999999,,85.5,,,,31.89,,6.769,,7999,1
1518012000,2.7,,2.645,,,,,,6.068,-0.022000000000000002,,3.4,,276.4,,1.6769999999999998,,82.9,,,,24.37,,6.763,,7999,1
1518015600,2.892,,2.838,,,,,,6.016,-0.182,,2.6,,290.6,,1.411,,80.8,,,,16.95,,6.767,,7999,1
1518019200,2.957,,2.918,,,,,,5.999,-0.486,,3.6,,283.9,,1.505,,78.58,,,,4.2589999999999995,,6.7589999999999995,,7999,1
1518022800,3.181,,3.138,,,,,,5.942,-0.7070000000000001,,2.6,,259.7,,1.075,,76.14,,,,,,6.765,,7999,1
1518026400,3.162,,3.136,,,,,,6.093999999999999,-0.8959999999999999,,4.1,,212.9,,1.9980000000000002,,75.13,,,,,,6.755,,7999,1
1518030000,3.011,,3.0039999999999996,,,,,,6.117999999999999,-0.797,,4.4,,258.5,,3.1010000000000004,,76.37,,,,,,6.75,,7999,1
1518033600,2.943,,2.909,,,,,,6.087999999999999,-1.246,,4,,231.4,,2.085,,74.44,,,,,,6.747999999999999,,7999,1
1518037200,2.372,,2.334,,,,,,5.9270000000000005,-2.927,,2.8,,98.9,,1.5330000000000001,,68.44,,,,,,6.745,,7999,1
1518040800,2.149,,2.117,,,,,,5.834,-2.812,,1.8,,72.11,,0.831,,70.1,,,,,,6.733,,7999,1
1518044400,2.175,,2.138,,,,,,5.832000000000001,-3.008,,2.9,,83.9,,1.595,,68.99,,,,,,6.718,,7999,1
1518048000,2.279,,2.219,,,,,,5.71,-3.2960000000000003,,2.7,,68.94,,1.614,,67.13,,,,,,6.724,,7999,1
1518051600,2.545,,2.508,,,,,,5.734,-3.444,,1.3,,97.2,,0.743,,65.05,,,,,,6.734,,7999,1
1518055200,2.367,,2.29,,,,,,5.659,-3.258,,1.8,,56.94,,0.919,,66.98,,,,,,6.727,,7999,1
1518058800,2.209,,2.1630000000000003,,,,,,5.642,-3.409,,4.3,,44.45,,1.986,,66.83,,,,,,6.725,,7999,1
1518062400,2.0709999999999997,,2.011,,,,,,5.722,-3.6719999999999997,,5.3,,43.1,,2.491,,66.25,,,,,,6.722,,7999,1
1518066000,2.18,,2.106,,,,,,5.778,-3.798,,5.2,,54.05,,2.463,,65.19,,,,,,6.7139999999999995,,7999,1
1518069600,2.01,,1.954,,,,,,5.723,-3.654,,5.3,,54.6,,3.023,,66.62,,,,,,6.606,,7999,1
1518073200,1.903,,1.847,,,,,,5.676,-3.216,,4.8,,55.25,,2.8160000000000003,,69.37,,,,2.438,,6.6739999999999995,,7999,1
1518076800,1.891,,1.845,,,,,,5.778,-2.725,,6.4,,67.48,,2.9,,71.94,,,,31.1,,6.675,,7999,1
1518080400,1.9409999999999998,,1.9069999999999998,,,,,,5.517,-2.55,,4.9,,63.71,,2.5839999999999996,,72.56,,,,127.7,,6.656000000000001,,7999,1
1518084000,2.681,,2.594,,,,,,5.587000000000001,-2.612,,9.4,,68.59,,4.493,,68.78,,,,431.1,,6.707000000000001,,7999,1
1518087600,3.3310000000000004,,3.3339999999999996,,,,,,5.847,-2.5,,8,,65.31,,4.498,,65.81,,,,492.3,,6.765,,7999,1
1518091200,3.735,,3.719,,,,,,6.025,-2.356,,8.5,,59.49,,4.126,,64.73,,,,205.1,,6.7989999999999995,,7999,1
1518094800,3.9819999999999998,,3.9360000000000004,,,,,,6.245,-2.306,,7.3,,74.21,,4.2330000000000005,,63.98,,,,175.1,,6.815,,7999,1
1518098400,4.042,,4.002,,,,,,6.3020000000000005,-1.97,,7.4,,63.92,,4.084,,65.29,,,,153.3,,6.832999999999999,,7999,1
1518102000,3.78,,3.7760000000000002,,,,,,6.4079999999999995,-1.785,,7,,64.62,,3.929,,67.25,,,,92,,6.847,,7999,1
1518105600,3.522,,3.498,,,,,,6.19,-1.8259999999999998,,6.5,,58.68,,4.013999999999999,,68.38,,,,29.74,,6.829,,7999,1
1518109200,3.168,,3.123,,,,,,5.955,-1.7080000000000002,,4.9,,70.18,,2.7939999999999996,,70.82,,,,,,6.797999999999999,,7999,1
1518112800,2.32,,2.1919999999999997,,,,,,5.47,-1.939,,3.7,,62.78,,2.026,,74.39,,,,,,6.752000000000001,,7999,1
1518116400,1.902,,1.761,,,,,,5.043,-2.057,,3.3,,42.63,,1.716,,76.05,,,,,,6.7010000000000005,,7999,1
1518120000,1.8940000000000001,,1.7409999999999999,,,,,,5.124,-2.052,,4.3,,50.84,,2.611,,76.18,,,,,,6.675,,7999,1
1518123600,1.672,,1.57,,,,,,5.252999999999999,-2.306,,4.4,,53.58,,2.73,,75.69,,,,,,6.656000000000001,,7999,1
1518127200,1.3730000000000002,,1.273,,,,,,5.148,-2.38,,5.6,,48.72,,2.717,,76.89,,,,,,6.67,,7999,1
1518130800,1.156,,1.061,,,,,,4.992,-2.542,,5,,45.98,,2.927,,77.14,,,,,,6.683,,7999,1
1518134400,1.057,,0.953,,,,,,5.015,-2.522,,5.2,,44.95,,2.823,,77.86,,,,,,6.687,,7999,1
1518138000,0.779,,0.6759999999999999,,,,,,4.859,-2.519,,3.5,,42.51,,2.074,,79.44,,,,,,6.672000000000001,,7999,1
1518141600,0.833,,0.715,,,,,,4.728,-2.6519999999999997,,3.7,,34.79,,2.2159999999999997,,78.45,,,,,,6.659,,7999,1
1518145200,0.7909999999999999,,0.66,,,,,,4.992,-2.87,,3.7,,50.22,,2.2769999999999997,,77.5,,,,,,6.666,,7999,1
1518148800,1.067,,1.018,,,,,,5.399,-2.6069999999999998,,3.4,,38.91,,2.392,,77.01,,,,,,6.66,,7999,1
1518152400,1.229,,1.189,,,,,,5.438,-2.489,,3.5,,38.25,,2.267,,76.73,,,,,,6.657,,7999,1
1518156000,1.2429999999999999,,1.1909999999999998,,,,,,5.351,-2.565,,3.2,,38.31,,1.882,,76.3,,,,,,6.641,,7999,1
1518159600,1.2930000000000001,,1.25,,,,,,5.396,-2.585,,2.5,,28.42,,1.624,,75.86,,,,3.137,,6.6129999999999995,,7999,1
1518163200,1.3769999999999998,,1.3659999999999999,,,,,,5.54,-2.52,,2.3,,34.34,,1.166,,75.59,,,,43.64,,6.681,,7999,1
1518166800,1.7280000000000002,,1.7309999999999999,,,,,,5.572,-2.392,,2.3,,19.35,,1.2919999999999998,,74.34,,,,78.82,,6.711,,7999,1
1518170400,2.177,,2.188,,,,,,5.778,-2.521,,2.1,,13.59,,1.047,,71.28,,,,103.3,,6.734,,7999,1
1518174000,2.523,,2.529,,,,,,5.931,-2.595,,1.7,,283,,0.627,,69.18,,,,242.4,,6.752000000000001,,7999,1
1518177600,2.863,,2.8539999999999996,,,,,,5.962999999999999,-2.126,,2.6,,247.7,,1.7009999999999998,,69.99,,,,495.2,,6.803,,7999,1
1518181200,3.27,,3.258,,,,,,6.416,-1.5019999999999998,,3.7,,232,,1.963,,71.22,,,,464.4,,6.885,,7999,1
1518184800,4.048,,4.013,,,,,,6.522,-2.112,,6.6,,256.4,,3.905,,64.61,,,,368.7,,6.925,,7999,1
1518188400,4.427,,4.4,,,,,,6.6770000000000005,-2.055,,6.4,,256.4,,4.4510000000000005,,63.11,,,,243.3,,6.935,,7999,1
1518192000,4.651,,4.613,,,,,,6.598,-1.79,,5.8,,266.2,,4.36,,63.4,,,,84.2,,6.879,,7999,1
1518195600,4.689,,4.6739999999999995,,,,,,6.273,-1.5390000000000001,,5.4,,267.2,,4.2669999999999995,,64.31,,,,,,6.789,,7999,1
1518199200,3.719,,3.6260000000000003,,,,,,5.579,-1.751,,3.9,,340.3,,1.525,,68.17,,,,,,6.76,,7999,1
1518202800,3.2739999999999996,,3.09,,,,,,5.468,-1.431,,4,,332.4,,1.5819999999999999,,72.45,,,,,,6.745,,7999,1
1518206400,4.122,,4.0569999999999995,,,,,,5.9639999999999995,-1.635,,4.8,,273.7,,2.258,,66.74,,,,,,6.727,,7999,1
1518210000,3.1439999999999997,,2.608,,,,,,5.5889999999999995,-1.912,,2.4,,64.74,,0.941,,72.44,,,,,,6.732,,7999,1
1518213600,2.697,,2.398,,,,,,5.5360000000000005,-2.231,,1.8,,21.95,,1.0490000000000002,,71.79,,,,,,6.735,,7999,1
1518217200,2.7569999999999997,,2.659,,,,,,5.687,-1.5319999999999998,,4.6,,342,,2.043,,74.22,,,,,,6.726,,7999,1
1518220800,2.222,,2.234,,,,,,5.811,-0.413,,4.8,,284.4,,2.477,,83,,,,,,6.702000000000001,,7999,1
1518224400,1.973,,1.975,,,,,,5.92,0.251,,5.4,,299.2,,2.387,,88.7,,,,,,6.697,,7999,1
1518228000,1.682,,1.675,,,,,,5.787000000000001,0.28300000000000003,,4,,320.3,,1.709,,90.8,,,,,,6.702999999999999,,7999,1
1518231600,1.653,,1.6469999999999998,,,,,,5.77,0.33,,5,,315.8,,1.6909999999999998,,91.3,,,,,,6.686,,,1
1518235200,1.7990000000000002,,1.7719999999999998,,,,,,5.702000000000001,-0.044000000000000004,,4.7,,279.8,,2.133,,88.1,,,,,,6.686,,7999,1
1518238800,2.013,,2.012,,,,,,5.657,-0.8759999999999999,,5.1,,282.4,,3.017,,81.5,,,,,,6.683,,7999,1
1518242400,1.056,,0.976,,,,,,5.06,-1.1159999999999999,,2.7,,8.11,,1.358,,86.2,,,,,,6.697,,7999,1
1518246000,0.5489999999999999,,0.48200000000000004,,,,,,4.843,-0.963,,2,,40.26,,1.058,,90.4,,,,7.039,,6.687,,,1
1518249600,0.87,,0.605,,,,,,4.768,-0.838,,2.4,,49.61,,1.3419999999999999,,90.4,,,,83.2,,6.693,,,1
1518253200,1.4469999999999998,,1.365,,,,,,4.935,-0.5579999999999999,,2.1,,44.99,,1.1159999999999999,,87.4,,,,224.9,,6.704,,,1
1518256800,2.394,,2.336,,,,,,5.532,-1.1079999999999999,,2.1,,128.5,,1.3259999999999998,,78.31,,,,232.6,,6.721,,7999,1
1518260400,2.725,,2.7489999999999997,,,,,,5.922999999999999,-2.898,,2.9,,143.7,,1.807,,66.6,,,,224.2,,6.734,,7999,1
1518264000,3.0260000000000002,,3.158,,,,,,6.1339999999999995,-3.2260000000000004,,2.6,,201.1,,1.2890000000000001,,63.14,,,,187.6,,6.76,,7999,1
1518267600,3.108,,3.088,,,,,,6.186,-3.3539999999999996,,2.6,,264.4,,1.4609999999999999,,62.84,,,,66.2,,6.772,,7999,1
1518271200,3.238,,3.221,,,,,,5.912000000000001,-3.367,,1.5,,284,,0.634,,62.19,,,,35.04,,6.784,,7999,1
1518274800,3.3089999999999997,,3.2939999999999996,,,,,,5.8420000000000005,-2.87,,1.4,,343.6,,0.7240000000000001,,64.21,,,,38.46,,6.772,,7999,1
1518278400,3.4389999999999996,,3.423,,,,,,5.82,-2.918,,1.2,,345.1,,0.7240000000000001,,63.4,,,,16.47,,6.739,,7999,1
1518282000,3.495,,3.451,,,,,,5.96,-3.6010000000000004,,2.3,,95.5,,0.7190000000000001,,60.17,,,,,,6.707999999999999,,7999,1
1518285600,3.23,,3.175,,,,,,5.955,-3.551,,1.8,,95.3,,1.1179999999999999,,61.55,,,,,,6.6979999999999995,,7999,1
1518289200,2.9410000000000003,,2.8739999999999997,,,,,,5.82,-3.623,,1.7,,83.5,,1.0070000000000001,,62.54,,,,,,6.693,,7999,1
1518292800,2.502,,2.434,,,,,,5.642,-3.161,,1.7,,46.1,,0.951,,66.8,,,,,,6.688,,7999,1
1518296400,2.169,,2.006,,,,,,5.5889999999999995,-2.886,,1.4,,46.39,,0.743,,70.32,,,,,,6.68,,7999,1
1518300000,2.205,,2.137,,,,,,5.646,-3.467,,1.7,,89.2,,1.0070000000000001,,66.71,,,,,,6.683,,7999,1
1518303600,2.095,,1.972,,,,,,5.6610000000000005,-3.765,,1.7,,94,,0.8240000000000001,,65.99,,,,,,6.678999999999999,,7999,1
1518307200,1.7730000000000001,,1.62,,,,,,5.474,-3.4010000000000002,,1.8,,46.53,,0.9259999999999999,,69.56,,,,,,6.665,,7999,1
1518310800,1.744,,1.56,,,,,,5.341,-3.44,,2.3,,37.28,,0.8140000000000001,,69.67,,,,,,6.657,,7999,1
1518314400,2.1069999999999998,,1.9280000000000002,,,,,,5.127999999999999,-3.497,,3.1,,338.1,,1.3090000000000002,,67.53,,,,,,6.643,,7999,1
1518318000,2.7430000000000003,,2.715,,,,,,5.7010000000000005,-3.3360000000000003,,6.3,,269.4,,3.687,,64.64,,,,,,6.641,,7999,1
1518321600,2.5469999999999997,,2.52,,,,,,5.943,-2.62,,6.3,,272.8,,3.5060000000000002,,69.13,,,,,,6.641,,7999,1
1518325200,2.086,,2.076,,,,,,5.774,-2.8080000000000003,,6.1,,306,,1.911,,70.34,,,,,,6.621,,7999,1
1518328800,2.121,,2.0980000000000003,,,,,,5.821000000000001,-3.4789999999999996,,8.2,,284.3,,3.707,,66.83,,,,,,6.593,,7999,1
1518332400,2.378,,2.347,,,,,,5.791,-3.405,,8.3,,282.5,,3.8960000000000004,,66,,,,3.8739999999999997,,6.555,,7999,1
1518336000,2.108,,2.16,,,,,,5.872999999999999,-2.3169999999999997,,10.2,,278.8,,6.108,,72.72,,,,38.99,,6.547000000000001,,7999,1
1518339600,0.601,,0.787,,,,,,5.521,-0.578,,8,,292.5,,3.025,,90.9,,,,104.9,,6.545,,,1
1518343200,0.9940000000000001,,1.148,,,,,,5.522,-0.312,,8.5,,280.9,,4.992,,90.3,,,,115.1,,6.564,,,1
1518346800,1.4780000000000002,,1.59,,,,,,5.647,-0.02,,8,,283.5,,4.016,,89.5,,,,102.7,,6.559,,,1
1518350400,2.395,,2.418,,,,,,5.885,-0.026000000000000002,,8.1,,266.3,,6.267,,84.2,,,,146.3,,6.582999999999999,,,1
1518354000,2.6510000000000002,,2.665,,,,,,5.984,0.86,,7.2,,274.3,,4.875,,88.2,,,,137.4,,6.608,,,1
1518357600,3.196,,3.19,,,,,,6.127999999999999,1.102,,7.4,,265.9,,5.8,,86.5,,,,83.3,,6.626,,,1
1518361200,3.3680000000000003,,3.353,,,,,,6.122999999999999,1.344,,6.9,,271.1,,5.098,,87,,,,58.84,,6.632000000000001,,,1
1518364800,4.162,,4.141,,,,,,6.247000000000001,1.625,,7.1,,289.6,,3.4160000000000004,,84,,,,11.23,,6.627999999999999,,,1
1518368400,4.442,,4.418,,,,,,6.271,1.847,,6.9,,285.4,,3.3569999999999998,,83.7,,,,0.6940000000000001,,6.626,,7999,1
1518372000,4.535,,4.525,,,,,,6.287999999999999,2.156,,6.7,,297.9,,2.634,,84.9,,,,,,6.615,,7999,1
1518375600,4.91,,4.877,,,,,,6.381,2.1519999999999997,,7.8,,285.7,,3.641,,82.8,,,,,,6.608,,7999,1
1518379200,5.309,,5.257999999999999,,,,,,6.452000000000001,2.081,,8.7,,277,,4.863,,80.3,,,,,,6.604,,7999,1
1518382800,5.439,,5.385,,,,,,6.49,1.9040000000000001,,6.1,,298.2,,3.1180000000000003,,78.55,,,,,,6.593,,7999,1
1518386400,5.71,,5.687,,,,,,6.4110000000000005,0.97,,6.1,,253.1,,4.736000000000001,,72.23,,,,,,6.609,,7999,1
1518390000,4.784,,4.7589999999999995,,,,,,6.1370000000000005,1.321,,5.4,,302.3,,1.986,,78.68,,,,,,6.606,,7999,1
1518393600,4.845,,4.815,,,,,,6.218,1.048,,7.8,,279.2,,2.98,,76.92,,,,,,6.6129999999999995,,7999,1
1518397200,4.218999999999999,,4.192,,,,,,6.36,0.753,,10,,275.7,,5.482,,78.59,,,,,,6.615,,7999,1
1518400800,4.065,,4.056,,,,,,6.146,0.759,,7.1,,261.1,,5.064,,79.37,,,,,,6.609,,7999,1
1518404400,3.534,,3.532,,,,,,6.032,0.537,,4.8,,310.6,,2.496,,81,,,,,,6.595,,7999,1
1518408000,3.4789999999999996,,3.4389999999999996,,,,,,5.907,0.177,,4.2,,325.8,,1.9909999999999999,,79.49,,,,,,6.595,,7999,1
1518411600,3.1689999999999996,,3.033,,,,,,5.665,-0.762,,5.1,,326.6,,1.485,,76.42,,,,,,6.581,,7999,1
1518415200,2.4090000000000003,,2.3819999999999997,,,,,,5.593,-1.043,,4.4,,324.1,,1.436,,78.39,,,,,,6.584,,7999,1
1518418800,2.531,,2.339,,,,,,5.157,-3.056,,4.8,,330.1,,1.365,,68.13,,,,7.5520000000000005,,6.587000000000001,,7999,1
1518422400,2.3680000000000003,,2.378,,,,,,5.497000000000001,-4.243,,7.8,,327.7,,3.4389999999999996,,62.71,,,,167.5,,6.586,,7999,1
1518426000,2.57,,2.44,,,,,,5.506,-4.0680000000000005,,4.8,,13.59,,1.55,,62.57,,,,80.4,,6.603,,7999,1
1518429600,2.728,,2.653,,,,,,5.449,-5.337999999999999,,5.1,,72.63,,1.506,,55.9,,,,485.9,,6.595,,7999,1
1518433200,3.443,,3.463,,,,,,6.069,-7.04,,5.9,,28.48,,2.667,,46.34,,,,125.6,,6.64,,7999,1
1518436800,2.69,,2.636,,,,,,5.879,-5.447,,7,,68.44,,2.559,,55.6,,,,585.7,,6.646,,7999,1
1518440400,3.693,,3.62,,,,,,6.142,-7.836,,5.2,,45.54,,2.7,,43.12,,,,94.2,,6.672000000000001,,7999,1
1518444000,3.69,,3.681,,,,,,6.027,-8.53,,5.7,,17.62,,2.543,,40.69,,,,473.7,,6.66,,7999,1
1518447600,3.753,,3.737,,,,,,6.486000000000001,-8.62,,6.2,,36.3,,3.443,,40.27,,,,81.6,,6.672000000000001,,7999,1
1518451200,3.148,,3.0860000000000003,,,,,,5.77,-7.7410000000000005,,4.9,,28.59,,2.6719999999999997,,45.07,,,,131.4,,6.627999999999999,,7999,1
1518454800,2.544,,2.51,,,,,,5.765,-7.218,,6.1,,35.78,,2.91,,48.94,,,,,,6.621,,7999,1
1518458400,1.368,,1.272,,,,,,5.078,-6.865,,4.9,,32.53,,2.28,,54.84,,,,,,6.607,,7999,1
1518462000,0.721,,0.506,,,,,,4.58,-7.122000000000001,,2.3,,28.11,,1.405,,56.82,,,,,,6.604,,7999,1
1518465600,0.23199999999999998,,0.009000000000000001,,,,,,4.333,-6.729,,2.4,,84.5,,1.453,,60.83,,,,,,6.593,,7999,1
1518469200,-0.373,,-0.584,,,,,,4.287,-6.421,,2.7,,67.56,,1.6840000000000002,,64.9,,,,,,6.582000000000001,,7999,1
1518472800,-0.41,,-0.687,,,,,,4.279,-6.9510000000000005,,3.5,,46.64,,2.204,,62.81,,,,,,6.577000000000001,,7999,1
1518476400,-0.059000000000000004,,-0.20600000000000002,,,,,,4.449,-7.28,,4.6,,38.78,,2.79,,59.1,,,,,,6.5729999999999995,,7999,1
1518480000,-0.233,,-0.373,,,,,,4.38,-6.871,,4,,58.63,,2.276,,61.76,,,,,,6.568,,7999,1
1518483600,-0.27699999999999997,,-0.368,,,,,,4.433,-6.642,,3.2,,81.8,,1.7890000000000001,,62.84,,,,,,6.564,,7999,1
1518487200,-1.43,,-1.588,,,,,,4.173,-6.627999999999999,,2.7,,75.62,,1.6740000000000002,,68.77,,,,,,6.541,,7999,1
1518490800,-2.365,,-2.4859999999999998,,,,,,3.9560000000000004,-6.792999999999999,,3.6,,66.73,,1.6909999999999998,,72.54,,,,,,6.5329999999999995,,7999,1
1518494400,-2.314,,-2.602,,,,,,3.786,-6.941,,2.3,,49.78,,1.726,,72.34,,,,,,6.507000000000001,,7999,1
1518498000,-2.3890000000000002,,-2.6519999999999997,,,,,,3.6719999999999997,-6.722,,2.8,,39.17,,2.026,,73.83,,,,,,6.506,,7999,1
1518501600,-2.783,,-3.082,,,,,,3.593,-6.888,,2.7,,42.2,,1.824,,75.28,,,,,,6.505,,7999,1
1518505200,-2.94,,-3.2,,,,,,3.56,-6.569,,2.3,,49.45,,1.709,,77.81,,,,9.4,,6.449,,7999,1
1518508800,-2.319,,-2.501,,,,,,3.5260000000000002,-5.726,,3.9,,51.82,,1.9269999999999998,,78.79,,,,171.2,,6.499,,7999,1
1518512400,-1.2570000000000001,,-1.399,,,,,,4.2219999999999995,-5.524,,5.6,,63.65,,3.594,,73.79,,,,327.5,,6.296,,7999,1
1518516000,-0.917,,-0.935,,,,,,4.431,-6.421,,4.8,,49.14,,2.747,,66.7,,,,466.4,,6.494,,7999,1
1518519600,0.01,,0.021,,,,,,4.861000000000001,-6.671,,4.6,,41.96,,2.24,,60.98,,,,558.4,,6.608,,7999,1
1518523200,0.488,,0.527,,,,,,5.336,-7.263999999999999,,3.1,,101.9,,1.867,,56.18,,,,563.1,,6.704,,7999,1
1518526800,0.602,,0.767,,,,,,5.607,-6.6339999999999995,,3.8,,153.2,,2.242,,57.95,,,,527.8,,6.749,,7999,1
1518530400,0.9690000000000001,,1.193,,,,,,5.654,-5.787999999999999,,4.4,,152.4,,2.9339999999999997,,59.88,,,,374.7,,6.7860000000000005,,7999,1
1518534000,1.1,,1.571,,,,,,5.775,-6.39,,3.6,,170,,2.061,,55.67,,,,178.6,,6.807,,7999,1
1518537600,1.3330000000000002,,1.505,,,,,,5.553,-6.6979999999999995,,2.1,,179.2,,0.708,,54.62,,,,52.63,,6.777,,7999,1
1518541200,1.105,,1.041,,,,,,5.0760000000000005,-6.269,,1.1,,54.46,,0.7,,58.43,,,,,,6.734,,7999,1
1518544800,0.42200000000000004,,0.191,,,,,,5.0280000000000005,-5.641,,1.9,,41.05,,1.0859999999999999,,65.12,,,,,,6.7410000000000005,,7999,1
1518548400,0.5489999999999999,,0.43799999999999994,,,,,,5.005,-6.172999999999999,,2.7,,45.08,,1.5659999999999998,,61.42,,,,,,6.702000000000001,,7999,1
1518552000,0.613,,0.536,,,,,,5.127000000000001,-6.74,,3.6,,42.33,,1.794,,58.38,,,,,,6.667999999999999,,7999,1
1518555600,0.764,,0.7090000000000001,,,,,,5.218999999999999,-6.622000000000001,,2.8,,38.93,,1.949,,58.17,,,,,,6.644,,7999,1
1518559200,0.9590000000000001,,0.922,,,,,,5.218,-6.678999999999999,,2.4,,34.33,,1.18,,57.05,,,,,,6.621,,7999,1
1518562800,1.26,,1.252,,,,,,5.414,-5.202000000000001,,4.7,,258.4,,1.6380000000000001,,62.54,,,,,,6.6370000000000005,,7999,1
1518566400,-0.04,,-0.009000000000000001,,,,,,5.362,-1.982,,3.2,,297.4,,1.706,,87,,,,,,6.619,,7999,1
1518570000,-0.767,,-0.767,,,,,,4.925,-2.22,,2,,352.3,,1.123,,90.2,,,,,,6.5760000000000005,,7999,1
1518573600,-0.848,,-0.838,,,,,,4.819,-2.38,,1.3,,34.72,,0.75,,89.6,,,,,,6.602,,,1
1518577200,-0.275,,-0.311,,,,,,4.902,-3.068,,1.9,,29.59,,1.008,,82,,,,,,6.609,,,1
1518580800,0.036000000000000004,,-0.003,,,,,,5.011,-3.2689999999999997,,1.2,,30.84,,0.718,,78.94,,,,,,6.602,,,1
1518584400,0.035,,-0.05,,,,,,5.042,-3.077,,1.4,,46.26,,1.008,,80.4,,,,,,6.59,,7999,1
1518588000,0.262,,0.21100000000000002,,,,,,5.077,-3.0210000000000004,,1.2,,27.92,,0.6990000000000001,,79.18,,,,,,6.61,,7999,1
1518591600,0.361,,0.314,,,,,,5.007,-3.3310000000000004,,1.3,,23.31,,0.91,,76.83,,,,1.6869999999999998,,6.611000000000001,,7999,1
1518595200,0.5760000000000001,,0.508,,,,,,5.206,-3.8739999999999997,,1.9,,38.27,,1.107,,72.71,,,,24.62,,6.606,,7999,1
1518598800,0.77,,0.772,,,,,,5.212999999999999,-3.859,,2.1,,38.96,,1.202,,71.4,,,,45.72,,6.6,,7999,1
1518602400,1.235,,1.245,,,,,,5.441,-3.4219999999999997,,1.8,,26.67,,0.857,,71.32,,,,152.7,,6.606,,7999,1
1518606000,1.776,,1.841,,,,,,5.727,-3.273,,1.7,,248.2,,0.631,,69.09,,,,274.3,,6.641,,7999,1
1518609600,2.004,,2.045,,,,,,5.902,-2.56,,2.3,,268.1,,1.06,,71.8,,,,574.7,,6.693,,7999,1
1518613200,2.5140000000000002,,2.638,,,,,,6.109,-1.7990000000000002,,3,,203.4,,1.57,,72.82,,,,525.4,,6.813,,7999,1
1518616800,2.69,,2.7239999999999998,,,,,,6.291,-1.7590000000000001,,3,,210.3,,2.131,,72.57,,,,402.6,,6.88,,7999,1
1518620400,2.911,,2.9939999999999998,,,,,,6.388999999999999,-1.8030000000000002,,3.2,,197,,1.973,,70.98,,,,253.8,,6.891,,7999,1
1518624000,3.503,,3.693,,,,,,6.278,-2.097,,1.7,,206.5,,0.8059999999999999,,66.13,,,,82.8,,6.912999999999999,,7999,1
1518627600,3.549,,3.535,,,,,,6.141,-2.097,,1.2,,305.7,,0.518,,66.86,,,,,,6.886,,7999,1
1518631200,1.879,,1.591,,,,,,5.249,-2.352,,1.4,,31.97,,1.101,,75.39,,,,,,6.837999999999999,,7999,1
1518634800,1.258,,0.894,,,,,,4.945,-2.197,,2.3,,45.76,,1.376,,80.1,,,,,,6.7860000000000005,,7999,1
1518638400,1.228,,0.9570000000000001,,,,,,4.769,-2.2159999999999997,,2.9,,39.61,,1.709,,79.62,,,,,,6.78,,7999,1
1518642000,1.578,,1.36,,,,,,5.102,-2.576,,3.1,,35.28,,1.827,,75.32,,,,,,6.757999999999999,,7999,1
1518645600,1.821,,1.69,,,,,,5.079,-2.5660000000000003,,3.1,,32.86,,1.848,,73.6,,,,,,6.723,,7999,1
1518649200,1.652,,1.506,,,,,,5.0169999999999995,-2.384,,2.2,,40.96,,0.8220000000000001,,75.63,,,,,,6.6770000000000005,,7999,1
1518652800,1.474,,1.148,,,,,,5.111000000000001,-2.5989999999999998,,1.2,,45.16,,0.7509999999999999,,76.35,,,,,,6.659,,7999,1
1518656400,1.324,,0.9670000000000001,,,,,,5.294,-2.452,,1.7,,35.4,,1.133,,78.19,,,,,,6.643,,7999,1
1518660000,2.515,,2.363,,,,,,5.534,-0.909,,3.3,,291.7,,1.485,,79.28,,,,,,6.627999999999999,,7999,1
1518663600,2.245,,2.114,,,,,,5.434,-1.063,,2.6,,16.56,,0.91,,79.79,,,,,,6.5760000000000005,,7999,1
1518667200,2.548,,2.469,,,,,,5.646,-0.58,,3.1,,314.1,,1.3559999999999999,,80.6,,,,,,6.577000000000001,,7999,1
1518670800,2.721,,2.659,,,,,,5.7620000000000005,-0.353,,4,,268.4,,2.0140000000000002,,80.8,,,,,,6.612,,7999,1
1518674400,1.42,,1.469,,,,,,5.757000000000001,0.223,,4.2,,286.8,,2.207,,91.8,,,,,,6.591,,,1
1518678000,1.669,,1.608,,,,,,5.6579999999999995,0.82,,5.3,,257.5,,3.645,,94.8,,,,1.825,,6.547999999999999,,,1
1518681600,2.245,,2.195,,,,,,5.852,1.541,,7.4,,266.2,,5.075,,95.8,,,,24.25,,6.537000000000001,,,1
1518685200,3.057,,2.853,,,,,,5.98,2.2030000000000003,,7,,272.8,,4.724,,95.8,,,,45.2,,6.545,,,1
1518688800,3.719,,3.5789999999999997,,,,,,6.1579999999999995,2.645,,7.8,,266,,5.185,,93.9,,,,60.07,,6.568,,,1
1518692400,4.102,,4.0969999999999995,,,,,,6.244,3.1239999999999997,,7.2,,263.3,,5.68,,93.7,,,,53.7,,6.572,,,1
1518696000,4.601,,4.5889999999999995,,,,,,6.393,3.312,,6.2,,259.5,,4.975,,91.7,,,,78.9,,6.582000000000001,,,1
1518699600,4.052,,4.083,,,,,,6.422000000000001,3.239,,5,,205.4,,2.752,,94.6,,,,103.5,,6.605,,,1
1518703200,4.237,,4.21,,,,,,6.452999999999999,3.535,,3.3,,196.4,,2.299,,95.7,,,,53.54,,6.625,,,1
1518706800,4.558,,4.548,,,,,,6.482,3.949,,4.4,,196.5,,1.6669999999999998,,96.2,,,,40.34,,6.63,,,1
1518710400,4.881,,4.872,,,,,,6.609,4.408,,2.2,,146.8,,1.4480000000000002,,97.1,,,,14.92,,6.631,,,1
1518714000,5.181,,5.1370000000000005,,,,,,6.57,4.718999999999999,,1.9,,162.9,,0.69,,97.5,,,,0.45799999999999996,,6.627999999999999,,,1
1518717600,5.12,,5.055,,,,,,6.571000000000001,4.614,,1.7,,48.56,,0.884,,97.3,,,,,,6.622999999999999,,,1
1518721200,5.468999999999999,,5.3629999999999995,,,,,,6.6,4.657,,3.3,,119.4,,1.751,,95.5,,,,,,6.614,,,1
1518724800,5.522,,5.465,,,,,,6.726,4.6739999999999995,,3.1,,102.7,,1.675,,95,,,,,,6.614,,,1
1518728400,5.109,,5.058,,,,,,6.641,4.468999999999999,,2.5,,49.89,,1.229,,96.3,,,,,,6.621,,,1
1518732000,6.015,,5.9270000000000005,,,,,,6.727,5.355,,3.1,,114.5,,1.604,,96.4,,,,,,6.619,,,1
1518735600,6.053999999999999,,5.968,,,,,,6.81,5.306,,3.5,,108.3,,1.9480000000000002,,95.8,,,,,,6.617999999999999,,,1
1518739200,6.127999999999999,,6.087999999999999,,,,,,6.87,5.216,,3.3,,121.7,,1.952,,94.5,,,,,,6.617999999999999,,,1
1518742800,5.946000000000001,,5.898,,,,,,6.83,5.169,,3.7,,100.8,,1.709,,95.4,,,,,,6.617000000000001,,,1
1518746400,5.6739999999999995,,5.61,,,,,,6.721,4.959,,2.2,,48.45,,1.14,,95.9,,,,,,6.6129999999999995,,,1
1518750000,5.809,,5.678,,,,,,6.7379999999999995,5.268,,3,,79.87,,1.157,,97.5,,,,,,6.612,,,1
1518753600,5.982,,5.791,,,,,,6.7410000000000005,5.474,,1.7,,71.83,,0.9840000000000001,,98.2,,,,,,6.61,,,1
1518757200,6.5520000000000005,,6.431,,,,,,6.837000000000001,6.111000000000001,,3.5,,116.4,,1.945,,98.1,,,,,,6.6129999999999995,,,1
1518760800,6.294,,6.226,,,,,,6.979,5.693,,3.5,,89.8,,1.6380000000000001,,96.7,,,,,,6.6129999999999995,,,1
1518764400,6.082000000000001,,6.027,,,,,,6.807,5.436,,3.4,,87.7,,1.443,,96.3,,,,10.57,,6.608,,,1
1518768000,6.0360000000000005,,5.955,,,,,,6.739,5.477,,1.5,,49.05,,1.057,,97.1,,,,40.7,,6.5920000000000005,,,1
1518771600,6.65,,6.569,,,,,,6.984,6.037999999999999,,3.1,,90.4,,1.235,,96.7,,,,35.27,,6.61,,,1
1518775200,6.8020000000000005,,6.75,,,,,,7.104,6.189,,2.3,,93.3,,1.425,,96.5,,,,87.5,,6.629,,,1
1518778800,7.097,,7.01,,,,,,7.218,6.315,,2.4,,102.3,,1.341,,95.7,,,,134.6,,6.641,,,1
1518782400,6.936,,6.814,,,,,,7.284,6.2139999999999995,,3.7,,121.7,,2.5540000000000003,,96.3,,,,147.6,,6.653,,,1
1518786000,7.108,,7.007999999999999,,,,,,7.266,6.585,,3.5,,112.8,,2.157,,97.5,,,,92.3,,6.671,,,1
1518789600,7.68,,7.553,,,,,,7.422000000000001,7.205,,2.8,,107.1,,1.765,,98,,,,79.57,,6.7620000000000005,,,1
1518793200,8.51,,8.4,,,,,,7.57,7.256,,4.8,,84.1,,2.414,,92.9,,,,56.53,,6.72,,,1
1518796800,8.1,,8.07,,,,,,7.58,6.316,,5.1,,52.73,,2.955,,89,,,,14.71,,6.754,,,1
1518800400,7.629,,7.577000000000001,,,,,,7.332000000000001,5.436,,5.5,,55.34,,3.168,,86.6,,,,,,6.782,,,1
1518804000,7.452000000000001,,7.376,,,,,,7.257999999999999,5.032,,6.2,,45.5,,3.427,,85.4,,,,,,6.763999999999999,,,1
1518807600,7.172000000000001,,7.107,,,,,,7.212999999999999,4.727,,5.3,,51.68,,3.285,,85.1,,,,,,6.736000000000001,,,1
1518811200,6.882999999999999,,6.821000000000001,,,,,,7.156000000000001,4.435,,5.6,,49.89,,3.3,,85,,,,,,6.742999999999999,,,1
1518814800,6.93,,6.849,,,,,,7.138,4.037,,5,,50.52,,3.148,,82.5,,,,,,6.7379999999999995,,,1
1518818400,6.888999999999999,,6.832000000000001,,,,,,7.12,3.742,,4.3,,54.32,,2.574,,80.9,,,,,,6.729,,,1
1518822000,6.718,,6.647,,,,,,7.047999999999999,3.7710000000000004,,4.1,,53.49,,2.5140000000000002,,82.1,,,,,,6.725,,,1
1518825600,6.575,,6.513,,,,,,7.0120000000000005,3.846,,4.5,,49.16,,1.9669999999999999,,83.3,,,,,,6.712000000000001,,,1
1518829200,6.5089999999999995,,6.432,,,,,,7.032,3.938,,4.6,,49.93,,2.449,,84.4,,,,,,6.683,,,1
1518832800,6.3839999999999995,,6.3229999999999995,,,,,,6.954,4.056,,3.8,,40.84,,1.3519999999999999,,85.7,,,,,,6.656000000000001,,7999,1
1518836400,6.343999999999999,,6.27,,,,,,6.906000000000001,4.038,,1.5,,346.9,,0.6759999999999999,,85.9,,,,,,6.648,,7999,1
1518840000,6.281000000000001,,6.247000000000001,,,,,,6.879,4.763999999999999,,3.4,,268.8,,1.462,,90.5,,,,,,6.638999999999999,,7999,1
1518843600,6.136,,6.086,,,,,,6.922000000000001,4.846,,3.1,,311.1,,1.736,,92.1,,,,,,6.636,,7999,1
1518847200,5.965,,5.937,,,,,,6.851,4.9239999999999995,,3.3,,256.3,,2.6489999999999996,,93.5,,,,,,6.629,,,1
1518850800,5.739,,5.7139999999999995,,,,,,6.871,5.112,,2.9,,251.7,,2.283,,96.2,,,,3.395,,6.622999999999999,,,1
1518854400,5.763,,5.727,,,,,,6.747999999999999,5.042,,3.3,,270,,2.175,,95.7,,,,6.558,,6.622000000000001,,,1
1518858000,5.777,,5.709,,,,,,6.7829999999999995,5.146,,4.5,,265.6,,2.555,,96.5,,,,28.29,,6.622000000000001,,,1
1518861600,5.93,,5.7860000000000005,,,,,,6.885,5.432,,4.5,,260.4,,3.219,,97.9,,,,33.84,,6.622999999999999,,,1
1518865200,6.99,,6.702999999999999,,,,,,6.992999999999999,6.311,,3.9,,291.6,,1.8030000000000002,,97.7,,,,38.02,,6.624,,,1
1518868800,7.111000000000001,,6.875,,,,,,7.149,6.518,,3.9,,193.7,,2.3819999999999997,,97.9,,,,22.95,,6.63,,,1
1518872400,8.5,,8.21,,,,,,7.28,7.627999999999999,,6.5,,249.3,,4.063,,96.4,,,,28.29,,6.646,,,1
1518876000,9.03,,8.85,,,,,,7.437,6.143,,7.3,,282.3,,4.238,,83.9,,,,62.99,,6.705,,,1
1518879600,8.43,,8.21,,,,,,7.41,5.729,,8.3,,261.5,,5.72,,84.7,,,,33.7,,6.739,,,1
1518883200,8.3,,8.22,,,,,,7.444,4.36,,8,,265.7,,3.54,,76.95,,,,22.2,,6.809,,,1
1518886800,8.01,,7.915,,,,,,7.337000000000001,5.046,,8.7,,266,,6.041,,82.4,,,,2.217,,6.8389999999999995,,7999,1
1518890400,7.692,,7.598,,,,,,7.075,4.708,,7.8,,264.1,,5.14,,82.2,,,,,,6.825,,7999,1
1518894000,7.95,,7.825,,,,,,7.267,3.6719999999999997,,7.5,,271.4,,3.218,,75.26,,,,,,6.8260000000000005,,7999,1
1518897600,7.449,,7.351,,,,,,7.195,3.0469999999999997,,5.4,,273.3,,3.292,,74.4,,,,,,6.772,,7999,1
1518901200,7.1739999999999995,,7.065,,,,,,6.9910000000000005,2.049,,3.8,,318.3,,1.561,,70.76,,,,,,6.761,,7999,1
1518904800,6.688,,6.485,,,,,,6.797999999999999,0.579,,3.1,,30.03,,1.588,,66.28,,,,,,6.755,,7999,1
1518908400,6.407,,6.317,,,,,,6.685,1.7790000000000001,,2.9,,248.2,,1.4769999999999999,,73.07,,,,,,6.71,,7999,1
1518912000,5.97,,5.797000000000001,,,,,,6.5889999999999995,1.7930000000000001,,3.9,,358.5,,1.146,,75.74,,,,,,6.665,,7999,1
1518915600,5.9079999999999995,,5.809,,,,,,6.5489999999999995,0.315,,3.9,,33.71,,1.999,,68.11,,,,,,6.67,,7999,1
1518919200,4.763999999999999,,4.723,,,,,,6.382999999999999,-0.609,,3.8,,99.6,,2.625,,68.6,,,,,,6.683,,7999,1
1518922800,3.822,,3.735,,,,,,5.776,-0.919,,4.1,,91.3,,2.384,,71.87,,,,,,6.641,,7999,1
1518926400,3.4,,3.353,,,,,,5.9270000000000005,-0.892,,5.7,,74.25,,3.3160000000000003,,73.98,,,,,,6.575,,7999,1
1518930000,2.827,,2.717,,,,,,5.456,-1.032,,4.4,,63.79,,2.4419999999999997,,76.59,,,,,,6.568,,7999,1
1518933600,3.0469999999999997,,2.9560000000000004,,,,,,5.681,-1.143,,6.2,,47.6,,3.185,,74.69,,,,,,6.598,,7999,1
1518937200,3.055,,3.0039999999999996,,,,,,5.9,-0.84,,5.2,,57.11,,2.968,,76.11,,,,9.58,,6.58,,7999,1
1518940800,2.8110000000000004,,2.765,,,,,,5.72,-0.963,,5.2,,81.2,,2.949,,76.72,,,,152.8,,6.534,,7999,1
1518944400,3.117,,2.944,,,,,,5.5889999999999995,-1.0959999999999999,,6.6,,75.15,,4.151,,75.04,,,,370.7,,6.531000000000001,,7999,1
1518948000,3.43,,3.3160000000000003,,,,,,5.7,-1.932,,9.3,,79.56,,4.516,,68.73,,,,199.3,,6.542000000000001,,7999,1
1518951600,3.43,,3.4210000000000003,,,,,,5.891,-1.651,,9.9,,66.96,,5.48,,69.64,,,,234.3,,6.544,,7999,1
1518955200,3.44,,3.392,,,,,,5.869,-1.7590000000000001,,7.9,,80.8,,4.721,,69.22,,,,214.8,,6.569,,7999,1
1518958800,3.6860000000000004,,3.637,,,,,,6.0089999999999995,-1.696,,8,,74.52,,3.8689999999999998,,68.35,,,,228.5,,6.603,,7999,1
1518962400,3.5669999999999997,,3.512,,,,,,6.143,-1.953,,7.1,,80.4,,3.958,,67.67,,,,88.9,,6.621,,7999,1
1518966000,3.304,,3.283,,,,,,6.149,-1.942,,7,,63.45,,3.471,,68.82,,,,62.28,,6.606,,7999,1
1518969600,3.293,,3.2539999999999996,,,,,,6.067,-2.095,,6.4,,71.02,,3.793,,68.19,,,,28.69,,6.598,,7999,1
1518973200,3.135,,3.091,,,,,,6.08,-2.193,,7.1,,63.59,,3.985,,68.48,,,,0.937,,6.584,,7999,1
1518976800,3.014,,2.963,,,,,,5.992000000000001,-2.258,,7,,58.79,,3.911,,68.77,,,,,,6.584,,7999,1
1518980400,2.9389999999999996,,2.883,,,,,,5.921,-2.295,,6.3,,50.59,,3.437,,68.98,,,,,,6.577999999999999,,7999,1
1518984000,2.887,,2.841,,,,,,5.926,-2.282,,6.7,,40.43,,3.3360000000000003,,69.24,,,,,,6.567,,7999,1
1518987600,2.7769999999999997,,2.733,,,,,,5.915,-2.312,,5.3,,41.41,,3.13,,69.64,,,,,,6.553999999999999,,7999,1
1518991200,2.539,,2.5069999999999997,,,,,,5.871,-2.006,,5.8,,39.39,,2.9210000000000003,,72.38,,,,,,6.534,,7999,1
1518994800,2.369,,2.3369999999999997,,,,,,5.699,-1.9180000000000001,,5.6,,33.19,,2.6,,73.73,,,,,,6.52,,7999,1
1518998400,2.399,,2.358,,,,,,5.744,-2.1959999999999997,,4.9,,28.51,,2.58,,72.12,,,,,,6.5120000000000005,,7999,1
1519002000,2.39,,2.353,,,,,,5.731,-2.367,,3.9,,25.09,,2.149,,71.25,,,,,,6.522,,7999,1
1519005600,2.364,,2.3209999999999997,,,,,,5.739,-2.412,,3.2,,33.82,,1.8840000000000001,,71.17,,,,,,6.5329999999999995,,7999,1
1519009200,2.318,,2.276,,,,,,5.767,-2.343,,3.4,,59.34,,1.6740000000000002,,71.76,,,,,,6.526,,7999,1
1519012800,2.1959999999999997,,2.151,,,,,,5.712999999999999,-2.198,,4.3,,50.9,,1.93,,73.19,,,,,,6.525,,7999,1
1519016400,2.144,,2.093,,,,,,5.655,-2.155,,4.3,,50.83,,2.323,,73.72,,,,,,6.516,,7999,1
1519020000,2.0780000000000003,,2.041,,,,,,5.585,-1.9140000000000001,,3.1,,37.96,,1.463,,75.32,,,,,,6.5089999999999995,,7999,1
1519023600,2.225,,2.171,,,,,,5.51,-2.116,,1.6,,36.04,,0.951,,73.55,,,,7.89,,6.513999999999999,,7999,1
1519027200,2.302,,2.281,,,,,,5.61,-2.75,,2.8,,8.96,,1.517,,69.61,,,,34.29,,6.52,,7999,1
1519030800,2.358,,2.349,,,,,,5.702999999999999,-2.735,,2.9,,20.69,,1.7519999999999998,,69.35,,,,91.7,,6.535,,7999,1
1519034400,2.7060000000000004,,2.7119999999999997,,,,,,5.834,-2.803,,2.9,,21.98,,1.48,,67.24,,,,154.4,,6.547999999999999,,7999,1
1519038000,3.02,,3.055,,,,,,6.035,-2.84,,2.7,,263.7,,0.865,,65.45,,,,237.7,,6.5729999999999995,,7999,1
1519041600,3.138,,3.145,,,,,,6.035,-2.884,,3.1,,235.3,,1.7269999999999999,,64.82,,,,569.6,,6.617000000000001,,7999,1
1519045200,3.4130000000000003,,3.41,,,,,,6.308,-2.636,,3.3,,234.4,,2.376,,64.8,,,,553.4,,6.711,,7999,1
1519048800,4.095,,4.06,,,,,,6.606,-2.063,,2.6,,241.3,,1.1640000000000001,,64.61,,,,286.7,,6.803999999999999,,7999,1
1519052400,3.95,,4.227,,,,,,7.013999999999999,-1.801,,1.6,,192.2,,0.893,,65.07,,,,142.9,,6.837999999999999,,7999,1
1519056000,4.0569999999999995,,4.066,,,,,,6.568,-1.341,,3.1,,137.5,,1.786,,68.09,,,,67.79,,6.847,,7999,1
1519059600,4.016,,3.977,,,,,,6.167000000000001,-0.742,,3.1,,122.3,,2.079,,71.57,,,,0.6990000000000001,,6.803999999999999,,7999,1
1519063200,3.398,,3.255,,,,,,5.776,-0.8640000000000001,,2.1,,64.25,,1.252,,74.67,,,,,,6.797999999999999,,7999,1
1519066800,2.9619999999999997,,2.7680000000000002,,,,,,5.659,-0.499,,1.8,,41.77,,1.166,,79.37,,,,,,6.7989999999999995,,7999,1
1519070400,2.778,,2.548,,,,,,5.518,-0.521,,1.5,,34.59,,1.091,,80.5,,,,,,6.797000000000001,,7999,1
1519074000,2.377,,2.138,,,,,,5.523,-0.488,,1.5,,35.89,,1.1420000000000001,,83.1,,,,,,6.767,,7999,1
1519077600,2.294,,2.074,,,,,,5.546,-0.33399999999999996,,1.4,,38.09,,1.1079999999999999,,84.4,,,,,,6.707000000000001,,7999,1
1519081200,2.258,,2.061,,,,,,5.431,-0.267,,1.8,,40.95,,1.268,,84.9,,,,,,6.649,,7999,1
1519084800,2.67,,2.483,,,,,,5.4479999999999995,-0.748,,2,,40.51,,1.376,,79.56,,,,,,6.62,,7999,1
1519088400,2.9210000000000003,,2.805,,,,,,5.683,-1.3019999999999998,,3.3,,31.62,,1.6,,74.63,,,,,,6.622000000000001,,7999,1
1519092000,2.965,,2.885,,,,,,5.852,-1.393,,3.2,,36.71,,1.925,,73.71,,,,,,6.608,,7999,1
1519095600,2.8510000000000004,,2.7889999999999997,,,,,,5.695,-1.3419999999999999,,4.3,,43.13,,1.992,,74.49,,,,,,6.606,,7999,1
1519099200,2.6060000000000003,,2.562,,,,,,5.763999999999999,-1.615,,4.5,,49.69,,2.476,,74.19,,,,,,6.587999999999999,,7999,1
1519102800,2.452,,2.401,,,,,,5.721,-1.8559999999999999,,4.2,,49.06,,2.484,,73.74,,,,,,6.569,,7999,1
1519106400,2.2680000000000002,,2.206,,,,,,5.669,-2.416,,4.5,,44.18,,2.892,,71.74,,,,,,6.547000000000001,,7999,1
1519110000,2.089,,2.028,,,,,,5.553999999999999,-2.2430000000000003,,4.8,,53.84,,2.693,,73.59,,,,21.3,,6.484,,7999,1
1519113600,2.084,,2.0380000000000003,,,,,,5.407,-2.589,,5.4,,58.29,,3.495,,71.68,,,,61.13,,6.434,,7999,1
1519117200,2.434,,2.324,,,,,,5.23,-2.766,,7,,56.97,,3.904,,69.33,,,,351.3,,6.492000000000001,,7999,1
1519120800,3.2760000000000002,,3.222,,,,,,5.551,-2.405,,9.1,,68.06,,4.931,,66.83,,,,480,,6.577999999999999,,7999,1
1519124400,4.041,,4.052,,,,,,5.872000000000001,-2.95,,7.6,,63.25,,4.423,,60.52,,,,562.6,,6.645,,7999,1
1519128000,5.063,,4.979,,,,,,6.313,-3.083,,6,,88.6,,3.654,,56.16,,,,594.2,,6.702000000000001,,7999,1
1519131600,5.78,,5.662999999999999,,,,,,6.728,-2.887,,6.1,,107.8,,4.0969999999999995,,54.33,,,,551.9,,6.831,,7999,1
1519135200,5.547000000000001,,5.593999999999999,,,,,,6.7860000000000005,-2.063,,5.1,,143.6,,3.7680000000000002,,58.07,,,,489.7,,6.818,,7999,1
1519138800,5.742999999999999,,5.696000000000001,,,,,,6.843,-2.5660000000000003,,6.5,,139,,4.497,,55.53,,,,125.1,,6.763,,7999,1
1519142400,6.093,,6.042000000000001,,,,,,6.739,-2.156,,6.4,,83.9,,3.6719999999999997,,55.89,,,,101.8,,6.7379999999999995,,7999,1
1519146000,5.069,,5.011,,,,,,6.39,-2.356,,6.7,,58.48,,4.055,,59.13,,,,6.734,,6.784,,7999,1
1519149600,3.69,,3.6260000000000003,,,,,,5.975,-2.989,,7.8,,61.28,,4.55,,62.19,,,,,,6.735,,7999,1
1519153200,2.286,,2.263,,,,,,5.815,-3.502,,7.6,,77.74,,4.127,,65.9,,,,,,6.665,,7999,1
1519156800,1.367,,1.311,,,,,,5.44,-4.5,,9,,67.07,,4.823,,65.45,,,,,,6.602,,7999,1
1519160400,0.897,,0.82,,,,,,5.0280000000000005,-4.996,,7.8,,72.08,,4.181,,65.32,,,,,,6.582999999999999,,7999,1
1519164000,0.9079999999999999,,0.856,,,,,,5.069,-4.798,,8.2,,70.08,,5.138,,66.14,,,,,,6.553999999999999,,7999,1
1519167600,0.635,,0.5720000000000001,,,,,,5.044,-4.675,,8.7,,63.32,,5.17,,68.13,,,,,,6.502000000000001,,7999,1
1519171200,0.40700000000000003,,0.33799999999999997,,,,,,4.837,-5.142,,10.4,,61.06,,5.739,,66.89,,,,,,6.521,,7999,1
1519174800,0.273,,0.19,,,,,,4.787,-5.699,,10.4,,57.42,,5.978,,64.81,,,,,,6.4510000000000005,,7999,1
1519178400,0.21,,0.146,,,,,,4.5889999999999995,-5.98,,9.5,,61.5,,6.265,,63.64,,,,,,6.15,,7999,1
1519182000,0.077,,0.016,,,,,,4.673,-6.725,,14.1,,70.01,,6.266,,60.69,,,,,,6.261,,7999,1
1519185600,-0.133,,-0.198,,,,,,4.602,-6.566,,14.1,,69.16,,7.026,,62.4,,,,,,6.417000000000001,,7999,1
1519189200,-0.063,,-0.136,,,,,,4.636,-6.1579999999999995,,11.3,,62.63,,6.806,,64.08,,,,,,6.398,,7999,1
1519192800,-0.021,,-0.081,,,,,,4.725,-5.93,,12.7,,62.3,,7.527,,64.95,,,,,,6.4110000000000005,,7999,1
1519196400,-0.111,,-0.18100000000000002,,,,,,4.448,-5.904,,12.8,,70.91,,7.5920000000000005,,65.55,,,,17.77,,6.112,,7999,1
1519200000,-0.141,,-0.221,,,,,,4.492,-6.034,,13.4,,72.57,,8.43,,65.1,,,,173.9,,6.296,,7999,1
1519203600,0.111,,0.017,,,,,,4.648,-6.131,,15.4,,66.91,,8.76,,63.51,,,,348.5,,6.341,,7999,1
1519207200,0.547,,0.515,,,,,,4.7,-6.375,,14.5,,66.19,,8.33,,60.13,,,,465.6,,6.382000000000001,,7999,1
1519210800,0.991,,0.976,,,,,,4.992,-6.17,,12.9,,62.46,,7.9270000000000005,,59.08,,,,628.8,,6.426,,7999,1
1519214400,1.495,,1.545,,,,,,5.236000000000001,-5.803,,13.3,,58.41,,7.551,,58.32,,,,251.8,,6.461,,7999,1
1519218000,1.621,,1.633,,,,,,5.3260000000000005,-5.689,,12.5,,63.11,,7.307,,58.46,,,,143.9,,6.466,,7999,1
1519221600,1.463,,1.442,,,,,,5.524,-5.003,,12.3,,60.81,,6.872000000000001,,62.43,,,,185.7,,6.435,,7999,1
1519225200,1.619,,1.5819999999999999,,,,,,5.476,-5.1370000000000005,,13.3,,64.85,,7.099,,61.18,,,,93.5,,6.44,,7999,1
1519228800,1.558,,1.517,,,,,,5.522,-5.196000000000001,,12.7,,67.08,,7.247999999999999,,61.19,,,,30.88,,6.44,,7999,1
1519232400,1.3769999999999998,,1.33,,,,,,5.353,-5.332000000000001,,10.3,,66.15,,6.412999999999999,,61.39,,,,3.2880000000000003,,6.419,,7999,1
1519236000,1.2229999999999999,,1.158,,,,,,5.138999999999999,-5.287999999999999,,11.9,,67.62,,6.438,,62.35,,,,,,6.388,,7999,1
1519239600,1.273,,1.206,,,,,,5.069,-5.402,,12.9,,68.79,,7.606,,61.6,,,,,,6.318,,7999,1
1519243200,1.075,,1.024,,,,,,5.187,-5.676,,13.5,,63.34,,6.8260000000000005,,61.13,,,,,,6.3420000000000005,,7999,1
1519246800,0.715,,0.659,,,,,,5.2139999999999995,-5.403,,11.9,,63.74,,7.0889999999999995,,64.08,,,,,,6.34,,7999,1
1519250400,0.502,,0.439,,,,,,5.018,-5.131,,11.7,,63.24,,6.979,,66.46,,,,,,6.209,,7999,1
1519254000,0.278,,0.22399999999999998,,,,,,4.957,-4.997,,11,,63.54,,6.356,,68.19,,,,,,6.147,,7999,1
1519257600,0.20199999999999999,,0.145,,,,,,4.945,-5.229,,9.6,,70.24,,6.421,,67.38,,,,,,6.24,,7999,1
1519261200,0.281,,0.22399999999999998,,,,,,4.975,-5.318,,10.8,,69.79,,6.729,,66.55,,,,,,6.2170000000000005,,7999,1
1519264800,0.379,,0.317,,,,,,4.9910000000000005,-5.466,,10.5,,66.78,,6.534,,65.37,,,,,,6.256,,7999,1
1519268400,0.42200000000000004,,0.35600000000000004,,,,,,4.833,-5.767,,11.1,,64.42,,6.858,,63.71,,,,,,6.141,,7999,1
1519272000,0.33899999999999997,,0.278,,,,,,4.882,-5.787000000000001,,11.5,,68.1,,6.695,,63.97,,,,,,6.196000000000001,,7999,1
1519275600,0.168,,0.11699999999999999,,,,,,4.938,-5.547000000000001,,10.3,,67.76,,6.535,,65.91,,,,,,6.188,,7999,1
1519279200,-0.078,,-0.129,,,,,,4.896,-5.481,,12.1,,65.57,,6.6579999999999995,,67.44,,,,,,6.205,,7999,1
1519282800,-0.33,,-0.377,,,,,,4.784,-5.598,,10.7,,65.17,,6.234,,68.06,,,,10.64,,6.239,,7999,1
1519286400,-0.45299999999999996,,-0.499,,,,,,4.817,-5.662000000000001,,11.1,,67.6,,6.417999999999999,,68.33,,,,42.78,,6.254,,7999,1
1519290000,-0.536,,-0.57,,,,,,4.823,-5.641,,11.1,,63.4,,5.936,,68.8,,,,90.9,,6.284,,7999,1
1519293600,-0.604,,-0.622,,,,,,4.798,-5.803999999999999,,11.6,,62.21,,6.694,,68.21,,,,158.6,,6.212000000000001,,7999,1
1519297200,-0.488,,-0.498,,,,,,4.888999999999999,-5.7139999999999995,,10.7,,67.38,,6.486000000000001,,68.06,,,,198.6,,6.268,,7999,1
1519300800,-0.172,,-0.16899999999999998,,,,,,4.916,-5.756,,11.6,,65.39,,6.587000000000001,,66.24,,,,222,,6.292999999999999,,7999,1
1519304400,0.125,,0.11800000000000001,,,,,,4.944,-5.664,,9.8,,65.09,,6.0889999999999995,,65.33,,,,185.7,,6.315,,7999,1
1519308000,0.102,,0.111,,,,,,5.053,-5.632000000000001,,11,,56.49,,5.962000000000001,,65.52,,,,129.1,,6.309,,7999,1
1519311600,-0.153,,-0.162,,,,,,5,-5.581,,10.9,,56.7,,5.757999999999999,,67.09,,,,117.6,,6.279,,7999,1
1519315200,-0.40700000000000003,,-0.425,,,,,,4.966,-5.757000000000001,,9.9,,59.91,,5.9,,67.47,,,,73.38,,6.315,,7999,1
1519318800,-0.6509999999999999,,-0.674,,,,,,4.783,-5.801,,10.1,,56.74,,5.752999999999999,,68.48,,,,4.49,,6.221,,7999,1
1519322400,-0.8590000000000001,,-0.9009999999999999,,,,,,4.6160000000000005,-5.82,,9.3,,60.23,,5.59,,69.53,,,,,,6.236000000000001,,7999,1
1519326000,-0.91,,-0.965,,,,,,4.453,-5.706,,9.3,,58.71,,5.28,,70.46,,,,,,6.154,,7999,1
1519329600,-0.816,,-0.86,,,,,,4.666,-5.529,,8.6,,59.71,,5.178999999999999,,70.87,,,,,,6.242999999999999,,7999,1
1519333200,-0.722,,-0.764,,,,,,4.73,-5.358,,8.1,,61.87,,4.835,,71.3,,,,,,6.287000000000001,,7999,1
1519336800,-0.621,,-0.667,,,,,,4.74,-5.351,,7.6,,61.15,,4.618,,70.83,,,,,,6.3,,7999,1
1519340400,-0.528,,-0.568,,,,,,4.8469999999999995,-5.382000000000001,,7.9,,61.44,,4.397,,70.16,,,,,,6.292999999999999,,7999,1
1519344000,-0.46299999999999997,,-0.516,,,,,,4.817,-5.478,,8.7,,63.59,,4.91,,69.38,,,,,,6.2379999999999995,,7999,1
1519347600,-0.48200000000000004,,-0.517,,,,,,4.789,-5.445,,7.7,,61.52,,4.376,,69.56,,,,,,6.209,,7999,1
1519351200,-0.48200000000000004,,-0.525,,,,,,4.864,-5.455,,8.1,,58.78,,4.601,,69.55,,,,,,6.276,,7999,1
1519354800,-0.519,,-0.562,,,,,,4.819,-5.337999999999999,,7.9,,63.82,,4.784,,70.36,,,,,,6.289,,7999,1
1519358400,-0.5870000000000001,,-0.623,,,,,,4.803999999999999,-5.24,,8.5,,55.06,,4.726,,71.2,,,,,,6.212999999999999,,7999,1
1519362000,-0.653,,-0.6940000000000001,,,,,,4.789,-5.239,,7.7,,53.49,,4.657,,71.57,,,,,,6.317,,7999,1
1519365600,-0.6409999999999999,,-0.69,,,,,,4.801,-5.359,,9,,55.3,,4.789,,70.9,,,,,,6.2989999999999995,,7999,1
1519369200,-0.575,,-0.618,,,,,,4.8069999999999995,-5.399,,8.3,,59.99,,5.313,,70.32,,,,5.263999999999999,,6.254,,7999,1
1519372800,-0.56,,-0.599,,,,,,4.8389999999999995,-5.462000000000001,,10.1,,59.26,,5.237,,69.89,,,,20.08,,6.242000000000001,,7999,1
1519376400,-0.451,,-0.49200000000000005,,,,,,4.757,-5.445,,9.4,,59.56,,5.2010000000000005,,69.43,,,,63.24,,6.153,,7999,1
1519380000,-0.22699999999999998,,-0.26,,,,,,4.995,-5.376,,9.2,,60.91,,5.127000000000001,,68.63,,,,84.7,,6.303999999999999,,7999,1
1519383600,-0.113,,-0.13,,,,,,5.015,-5.42,,9.7,,67.47,,6.042000000000001,,67.76,,,,120.8,,6.306,,7999,1
1519387200,-0.191,,-0.20199999999999999,,,,,,5.138999999999999,-5.439,,8.8,,60.57,,5.638,,68.01,,,,140.9,,6.337000000000001,,7999,1
1519390800,-0.20199999999999999,,-0.204,,,,,,5.083,-5.315,,9.2,,63.16,,5.6979999999999995,,68.66,,,,124.8,,6.353,,7999,1
1519394400,-0.295,,-0.316,,,,,,5.109,-5.313,,10.5,,62.33,,5.694,,69.24,,,,106,,6.354,,7999,1
1519398000,-0.306,,-0.318,,,,,,5.021,-5.2620000000000005,,10.1,,59.06,,5.58,,69.51,,,,79.98,,6.353,,7999,1
1519401600,-0.41600000000000004,,-0.43799999999999994,,,,,,4.914,-5.199,,10.1,,60.36,,4.893,,70.46,,,,35.85,,6.331,,7999,1
1519405200,-0.5660000000000001,,-0.596,,,,,,4.888999999999999,-5.2139999999999995,,8.5,,62.82,,4.666,,71.2,,,,2.9819999999999998,,6.34,,7999,1
1519408800,-0.8170000000000001,,-0.852,,,,,,4.8,-5.291,,8.2,,58.73,,4.822,,72.12,,,,,,6.332999999999999,,7999,1
1519412400,-0.92,,-0.9570000000000001,,,,,,4.8180000000000005,-5.348,,8.7,,57.18,,5.831,,72.36,,,,,,6.314,,7999,1
1519416000,-0.956,,-0.99,,,,,,4.835,-5.327999999999999,,7.9,,61.09,,4.956,,72.65,,,,,,6.317,,7999,1
1519419600,-0.985,,-1.0190000000000001,,,,,,4.79,-5.364,,8.7,,56.48,,4.624,,72.6,,,,,,6.271,,7999,1
1519423200,-0.955,,-0.988,,,,,,4.716,-5.332999999999999,,6.5,,52.23,,3.96,,72.61,,,,,,6.297000000000001,,7999,1
1519426800,-0.863,,-0.9059999999999999,,,,,,4.788,-5.449,,8.7,,52.71,,4.934,,71.54,,,,,,6.313,,7999,1
1519430400,-0.8690000000000001,,-0.9129999999999999,,,,,,4.82,-5.601,,8.8,,62.78,,5.32,,70.76,,,,,,6.274,,7999,1
1519434000,-0.872,,-0.919,,,,,,4.5969999999999995,-5.597,,9,,64.2,,5.47,,70.81,,,,,,6.015,,7999,1
1519437600,-0.919,,-0.961,,,,,,4.706,-5.492000000000001,,8.1,,56.33,,4.999,,71.6,,,,,,6.212999999999999,,7999,1
1519441200,-0.856,,-0.899,,,,,,4.768,-5.349,,9.2,,53.79,,4.87,,72.05,,,,,,6.245,,7999,1
1519444800,-0.763,,-0.8009999999999999,,,,,,4.78,-5.28,,8.5,,56.01,,4.5089999999999995,,71.91,,,,,,6.204,,7999,1
1519448400,-0.7040000000000001,,-0.74,,,,,,4.736000000000001,-5.195,,8,,53.6,,4.418,,72.05,,,,,,6.135,,7999,1
1519452000,-0.578,,-0.618,,,,,,4.777,-5.093999999999999,,8.2,,55.4,,4.231,,71.96,,,,,,6.189,,7999,1
1519455600,-0.413,,-0.456,,,,,,4.805,-4.976,,9.2,,57.96,,4.5760000000000005,,71.76,,,,7.321000000000001,,6.249,,7999,1
1519459200,-0.21,,-0.255,,,,,,4.899,-4.9030000000000005,,8.3,,61.36,,4.76,,71.1,,,,42.56,,6.1370000000000005,,7999,1
1519462800,0.081,,0.045,,,,,,4.8069999999999995,-4.744,,8.1,,63.29,,4.805,,70.41,,,,89.7,,6.061,,7999,1
1519466400,0.225,,0.20199999999999999,,,,,,5.031000000000001,-4.724,,7.9,,60.86,,4.6,,69.72,,,,98.4,,6.223,,7999,1
1519470000,0.465,,0.435,,,,,,5.191,-4.516,,7.1,,57.88,,4.1530000000000005,,69.64,,,,129.8,,6.329,,7999,1
1519473600,0.593,,0.581,,,,,,5.231,-4.476,,9.3,,61.54,,5.256,,69.11,,,,152.2,,6.31,,7999,1
1519477200,0.847,,0.856,,,,,,5.227,-4.298,,8.2,,54.69,,4.761,,68.67,,,,161,,6.314,,7999,1
1519480800,0.912,,0.895,,,,,,5.38,-4.093,,8.9,,58.6,,4.999,,69.54,,,,104.3,,6.347,,7999,1
1519484400,0.7070000000000001,,0.685,,,,,,5.327999999999999,-4.0360000000000005,,7.9,,54.19,,4.596,,70.91,,,,64.48,,6.345,,7999,1
1519488000,0.406,,0.389,,,,,,5.1610000000000005,-4.248,,8.4,,49.14,,4.645,,71.3,,,,26.4,,6.335,,7999,1
1519491600,0.063,,0.032,,,,,,5.084,-4.448,,11.5,,51.73,,4.797,,72.07,,,,2.647,,6.27,,7999,1
1519495200,-0.055,,-0.09300000000000001,,,,,,5.038,-4.405,,7.1,,56.68,,4.367,,72.96,,,,,,6.266,,7999,1
1519498800,0.013000000000000001,,-0.036000000000000004,,,,,,4.952,-4.393,,8,,64.09,,4.8180000000000005,,72.73,,,,,,6.256,,7999,1
1519502400,0.247,,0.19399999999999998,,,,,,5.027,-4.293,,7.3,,66.32,,4.599,,72.07,,,,,,6.239,,7999,1
1519506000,0.49700000000000005,,0.44299999999999995,,,,,,5.0569999999999995,-4.539,,8.3,,68.93,,4.46,,69.5,,,,,,6.221,,7999,1
1519509600,0.628,,0.568,,,,,,5.037,-5.856,,8.3,,65.92,,4.702,,62.33,,,,,,6.189,,7999,1
1519513200,0.449,,0.40299999999999997,,,,,,5.048,-7.357,,8,,62.75,,4.593999999999999,,56.21,,,,,,6.196000000000001,,7999,1
1519516800,0.27399999999999997,,0.22399999999999998,,,,,,5.013,-7.632999999999999,,8.3,,57.15,,4.477,,55.74,,,,,,6.215,,7999,1
1519520400,0.013999999999999999,,-0.026000000000000002,,,,,,4.922,-7.772,,9.1,,56.09,,4.758,,56.15,,,,,,6.141,,7999,1
1519524000,-0.46,,-0.5,,,,,,4.811,-7.87,,8.9,,55.18,,4.649,,57.68,,,,,,6.16,,7999,1
1519527600,-0.902,,-0.9359999999999999,,,,,,4.71,-7.722,,9.6,,61.04,,5.1979999999999995,,60.24,,,,,,6.157,,7999,1
1519531200,-1.319,,-1.3559999999999999,,,,,,4.637,-7.803,,9.2,,60.53,,5.737,,61.73,,,,,,6.095,,7999,1
1519534800,-1.6740000000000002,,-1.7069999999999999,,,,,,4.519,-8.03,,10.7,,58.83,,5.6339999999999995,,62.24,,,,,,6.023,,7999,1
1519538400,-2.126,,-2.16,,,,,,4.391,-8.39,,11,,61.83,,6.147,,62.56,,,,,,6.041,,7999,1
1519542000,-2.596,,-2.615,,,,,,4.303,-8.68,,10.7,,59.79,,6.138,,63.29,,,,6.6579999999999995,,5.941,,7999,1
1519545600,-3.0189999999999997,,-3.051,,,,,,4.187,-8.9,,10.2,,58.31,,6.261,,64.27,,,,32.07,,5.962000000000001,,7999,1
1519549200,-3.408,,-3.425,,,,,,4.038,-9.34,,13,,60,,6.553999999999999,,63.81,,,,60.12,,5.977,,7999,1
1519552800,-3.614,,-3.633,,,,,,3.807,-9.85,,13,,55.63,,7.426,,62.27,,,,101.2,,5.8229999999999995,,7999,1
1519556400,-3.531,,-3.505,,,,,,3.758,-10.12,,13,,53.82,,7.0889999999999995,,60.39,,,,201.8,,5.709,,7999,1
1519560000,-3.168,,-3.1460000000000004,,,,,,3.852,-10.13,,13,,61.4,,7.941,,58.76,,,,226.5,,5.835,,7999,1
1519563600,-2.478,,-2.513,,,,,,3.907,-10.09,,12.3,,64.88,,7.122000000000001,,56.25,,,,617.2,,6.015,,7999,1
1519567200,-1.671,,-1.756,,,,,,4.253,-9.97,,11.7,,85.1,,7.007999999999999,,53.69,,,,482.3,,6.124,,7999,1
1519570800,-1.357,,-1.402,,,,,,4.302,-10.91,,15.6,,78.44,,8.29,,48.54,,,,354.6,,6.176,,7999,1
1519574400,-1.225,,-1.2890000000000001,,,,,,4.395,-11.87,,14.5,,76.69,,7.919,,44.61,,,,179.6,,6.117000000000001,,7999,1
1519578000,-1.649,,-1.7080000000000002,,,,,,4.183,-12.49,,15.1,,72.45,,9.41,,43.76,,,,8.49,,6.104,,7999,1
1519581600,-2.4290000000000003,,-2.463,,,,,,3.928,-12.34,,10.8,,79.02,,6.697,,46.81,,,,,,6.087000000000001,,7999,1
1519585200,-2.991,,-3.0210000000000004,,,,,,3.72,-12.31,,10.5,,84.2,,6.254,,48.9,,,,,,6.077999999999999,,7999,1
1519588800,-3.529,,-3.5810000000000004,,,,,,3.5260000000000002,-12.46,,15.2,,75.29,,8.29,,50.39,,,,,,5.999,,7999,1
1519592400,-4.019,,-4.079,,,,,,3.432,-13.04,,16.4,,66.38,,9.47,,49.94,,,,,,5.9639999999999995,,7999,1
1519596000,-4.497,,-4.542,,,,,,3.3369999999999997,-13.62,,12.5,,67.55,,7.665,,49.31,,,,,,6.001,,7999,1
1519599600,-5.037,,-5.091,,,,,,3.267,-13.79,,12,,69.36,,6.917999999999999,,50.67,,,,,,5.983,,7999,1
1519603200,-5.5360000000000005,,-5.587000000000001,,,,,,3.05,-13.84,,12,,63.08,,6.197,,52.41,,,,,,5.986000000000001,,7999,1
1519606800,-5.882000000000001,,-5.936,,,,,,3.015,-13.96,,12.1,,65.9,,6.72,,53.3,,,,,,6.007000000000001,,7999,1
1519610400,-6.034,,-6.069,,,,,,3.096,-14.02,,11,,64.66,,5.986000000000001,,53.6,,,,,,6.028,,7999,1
1519614000,-6.32,,-6.367000000000001,,,,,,2.912,-14.1,,10.4,,58.81,,6.4639999999999995,,54.47,,,,,,5.92,,7999,1
1519617600,-6.66,,-6.702000000000001,,,,,,2.5860000000000003,-14.14,,9.2,,72.34,,5.729,,55.71,,,,,,5.722,,7999,1
1519621200,-6.87,,-6.915,,,,,,2.697,-14.31,,10.8,,71.19,,6.859,,55.85,,,,,,5.829,,7999,1
1519624800,-7.14,,-7.189,,,,,,2.682,-14.27,,12.1,,67.58,,7.396,,57.19,,,,,,5.8260000000000005,,7999,1
1519628400,-7.5920000000000005,,-7.622999999999999,,,,,,2.592,-14.31,,10.9,,67.66,,6.352,,58.95,,,,34.84,,5.915,,7999,1
1519632000,-7.725,,-7.761,,,,,,2.653,-14.41,,13.4,,66.68,,7.766,,59.13,,,,220.8,,6.023,,7999,1
1519635600,-7.513,,-7.537999999999999,,,,,,2.568,-14.76,,16.3,,66.41,,10.13,,56.44,,,,398.4,,5.876,,7999,1
1519639200,-6.992999999999999,,-7.016,,,,,,2.638,-14.96,,16.7,,69.5,,9.33,,53.36,,,,521.7,,5.747999999999999,,7999,1
1519642800,-6.267,,-6.127000000000001,,,,,,2.8939999999999997,-15.44,,17,,65.16,,10.08,,47.95,,,,606.6,,5.831,,7999,1
1519646400,-5.099,,-5.162000000000001,,,,,,3.324,-16.12,,14.9,,67.18,,8.48,,42.13,,,,639.7,,6.074,,7999,1
1519650000,-4.583,,-4.5089999999999995,,,,,,3.502,-18.02,,15.2,,70.88,,8.62,,34.17,,,,602,,6.079,,7999,1
1519653600,-4.367,,-4.332,,,,,,3.6239999999999997,-18.99,,15.2,,74.83,,9.22,,31.05,,,,510.9,,6.082999999999999,,7999,1
1519657200,-4.146,,-4.206,,,,,,3.658,-19.19,,15.4,,72.68,,9.14,,30.22,,,,375.1,,6.075,,7999,1
1519660800,-4.51,,-4.562,,,,,,3.553,-18.79,,13.5,,80.3,,7.7410000000000005,,32.17,,,,183.8,,5.99,,7999,1
1519664400,-5.159,,-5.218999999999999,,,,,,3.3,-17.82,,12.7,,81.9,,7.1579999999999995,,36.68,,,,9.45,,5.898,,7999,1
1519668000,-6.2829999999999995,,-6.303999999999999,,,,,,2.885,-17.29,,12.1,,79.93,,7.205,,41.64,,,,,,5.85,,7999,1
1519671600,-6.886,,-6.919,,,,,,2.693,-17.34,,11.1,,78.78,,7.101,,43.45,,,,,,5.846,,7999,1
1519675200,-7.41,,-7.45,,,,,,2.302,-17.25,,12.1,,72.78,,7.369,,45.64,,,,,,5.603,,7999,1
1519678800,-7.865,,-7.912999999999999,,,,,,2.267,-17.17,,14.4,,69.21,,8.15,,47.59,,,,,,5.57,,7999,1
1519682400,-8.25,,-8.31,,,,,,1.825,-17.48,,13.2,,65.58,,8.66,,47.79,,,,,,4.975,,7999,1
1519686000,-8.55,,-8.6,,,,,,2.12,-17.23,,14.7,,67.05,,8.26,,49.94,,,,,,5.577000000000001,,7999,1
1519689600,-8.74,,-8.79,,,,,,1.786,-17.1,,12,,69.16,,7.2989999999999995,,51.25,,,,,,5.401,,7999,1
1519693200,-8.86,,-8.9,,,,,,1.989,-17.02,,10.5,,75.64,,6.303,,52.03,,,,,,5.53,,7999,1
1519696800,-8.89,,-8.94,,,,,,2.0780000000000003,-16.74,,12.5,,71.35,,6.662000000000001,,53.43,,,,,,5.662999999999999,,7999,1
1519700400,-8.98,,-9.03,,,,,,2.106,-16.52,,12.8,,74.47,,6.981,,54.78,,,,,,5.676,,7999,1
1519704000,-9.18,,-9.22,,,,,,2.031,-16.43,,9.4,,71.59,,5.574,,56.04,,,,,,5.7410000000000005,,7999,1
1519707600,-9.32,,-9.36,,,,,,1.984,-16.32,,10.4,,64.24,,5.869,,57.21,,,,,,5.749,,7999,1
1519711200,-9.29,,-9.34,,,,,,1.8419999999999999,-16.21,,11.7,,68.83,,6.974,,57.67,,,,,,5.473,,7999,1
1519714800,-9.37,,-9.41,,,,,,1.923,-15.94,,10.4,,65.34,,6.106,,59.27,,,,29.04,,5.692,,7999,1
1519718400,-9.01,,-9.08,,,,,,1.945,-15.56,,9.4,,69.36,,5.834,,59.61,,,,221.1,,5.621,,7999,1
1519722000,-8.15,,-8.27,,,,,,2.378,-15.3,,10.6,,75.09,,5.586,,57.15,,,,359.5,,5.752999999999999,,7999,1
1519725600,-7.372999999999999,,-7.476,,,,,,2.522,-16.2,,10.8,,86.8,,6.3389999999999995,,49.94,,,,505.9,,5.886,,7999,1
1519729200,-6.593999999999999,,-6.585,,,,,,2.7960000000000003,-16.6,,9.8,,68.67,,5.8420000000000005,,45.07,,,,341.2,,5.872000000000001,,7999,1
1519732800,-6.162999999999999,,-6.159,,,,,,2.898,-17.1,,8.4,,64.77,,5.045,,41.85,,,,175.6,,5.854,,7999,1
1519736400,-5.3389999999999995,,-5.3229999999999995,,,,,,3.194,-17.65,,8.2,,67.62,,5.329,,37.47,,,,622.1,,5.949,,7999,1
1519740000,-4.774,,-4.842,,,,,,3.562,-17.34,,9.4,,76.23,,4.785,,37.08,,,,216.1,,6.016,,7999,1
1519743600,-4.9430000000000005,,-4.919,,,,,,3.405,-17.17,,9.3,,67.36,,5.111000000000001,,37.82,,,,134.4,,6.025,,7999,1
1519747200,-4.895,,-4.907,,,,,,3.282,-17.04,,8.9,,56.82,,5.01,,38.21,,,,151.7,,5.996,,7999,1
1519750800,-5.194,,-5.229,,,,,,3.2060000000000004,-17.23,,8.1,,63.01,,4.73,,38.56,,,,12.07,,6.032,,7999,1
1519754400,-5.836,,-5.881,,,,,,2.966,-16.95,,7.9,,66.71,,4.208,,41.47,,,,,,5.95,,7999,1
1519758000,-6.3420000000000005,,-6.372000000000001,,,,,,2.897,-16.45,,6.6,,54.27,,3.657,,44.91,,,,,,6.042999999999999,,7999,1
1519761600,-6.57,,-6.587999999999999,,,,,,2.8139999999999996,-15.71,,6.9,,52.65,,4.016,,48.54,,,,,,6.013,,7999,1
1519765200,-7.01,,-7.053,,,,,,2.678,-15.1,,7.8,,47.57,,4.2010000000000005,,52.87,,,,,,6.002000000000001,,7999,1
1519768800,-7.336,,-7.358,,,,,,2.5669999999999997,-14.76,,6.1,,48.59,,3.701,,55.7,,,,,,6.016,,7999,1
1519772400,-7.593999999999999,,-7.621,,,,,,2.5639999999999996,-14.68,,6.5,,44.57,,4.058,,57.21,,,,,,5.999,,7999,1
1519776000,-7.914,,-7.946000000000001,,,,,,2.5069999999999997,-14.68,,7.3,,41.83,,4.327,,58.65,,,,,,5.959,,7999,1
1519779600,-8.28,,-8.31,,,,,,2.37,-14.8,,7.8,,41.6,,3.832,,59.75,,,,,,5.959,,7999,1
1519783200,-8.56,,-8.57,,,,,,2.316,-14.65,,6.6,,43.25,,3.74,,61.77,,,,,,5.921,,7999,1
1519786800,-8.73,,-8.75,,,,,,2.176,-14.64,,6.2,,43.25,,3.717,,62.66,,,,,,5.869,,7999,1
1519790400,-8.86,,-8.88,,,,,,2.156,-14.42,,6.3,,41.32,,3.412,,64.46,,,,,,5.898,,7999,1
1519794000,-8.83,,-8.86,,,,,,2.08,-14.02,,6.1,,38.14,,3.654,,66.53,,,,,,5.854,,7999,1
1519797600,-8.82,,-8.85,,,,,,2.076,-13.84,,5.9,,38.86,,3.568,,67.38,,,,,,5.917999999999999,,7999,1
1519801200,-8.87,,-8.89,,,,,,2.184,-13.76,,5.9,,46.1,,3.575,,68.08,,,,37.43,,5.926,,7999,1
1519804800,-8.52,,-8.51,,,,,,2.136,-13.55,,6.4,,45.34,,3.84,,67.21,,,,118.3,,5.9,,7999,1
1519808400,-7.55,,-7.5760000000000005,,,,,,2.4,-13.28,,8.4,,50.54,,3.9139999999999997,,63.92,,,,365.7,,5.874,,7999,1
1519812000,-6.535,,-6.546,,,,,,2.7260000000000004,-13.34,,8.4,,62.53,,4.577,,58.75,,,,531.7,,5.85,,7999,1
1519815600,-5.44,,-5.47,,,,,,3.313,-12.9,,6.7,,69.1,,3.4210000000000003,,56.07,,,,325,,6.056,,7999,1
1519819200,-4.473,,-4.397,,,,,,3.6689999999999996,-13.13,,8.2,,51.46,,4.511,,50.8,,,,360.5,,6.091,,7999,1
1519822800,-3.5580000000000003,,-3.545,,,,,,3.9739999999999998,-13.46,,7.8,,57.52,,4.577,,46.38,,,,361.9,,6.069,,7999,1
1519826400,-3.0589999999999997,,-3.043,,,,,,4.155,-13.57,,10,,49.77,,5.544,,44.27,,,,351.2,,6.067,,7999,1
1519830000,-2.818,,-2.8,,,,,,4.21,-13.04,,10,,50.72,,5.614,,45.42,,,,86.7,,6.035,,7999,1
1519833600,-2.583,,-2.6180000000000003,,,,,,4.202,-12.36,,9.7,,48.05,,4.593999999999999,,47.27,,,,30.07,,6.006,,7999,1
1519837200,-2.136,,-2.171,,,,,,4.274,-11.6,,8.6,,56.23,,4.87,,48.63,,,,7.77,,5.971,,7999,1
1519840800,-1.835,,-1.8769999999999998,,,,,,4.308,-11.58,,10.6,,50.33,,5.4910000000000005,,47.67,,,,,,5.9879999999999995,,7999,1
1519844400,-1.801,,-1.841,,,,,,4.21,-11.61,,10.5,,52.48,,5.167999999999999,,47.42,,,,,,5.954,,7999,1
1519848000,-1.807,,-1.85,,,,,,4.313,-11.57,,11.2,,48.33,,6.1610000000000005,,47.58,,,,,,5.925,,7999,1
1519851600,-2.069,,-2.1069999999999998,,,,,,4.223,-11.44,,10.3,,49.07,,5.8020000000000005,,49.01,,,,,,5.904,,7999,1
1519855200,-2.201,,-2.235,,,,,,4.217,-10.6,,10,,49,,5.683,,52.92,,,,,,5.8870000000000005,,7999,1