y2,y3,x,y,y1,y4
0,0,1658095200,23.09,,1
0,0,1658095500,22.92,,1
0,0,1658095800,22.82,,1
0,0,1658096100,22.93,,1
0,0,1658096400,22.74,,1
0,0,1658096700,22.6,,1
0,0,1658097000,22.6,,1
0,0,1658097300,22.48,,1
0,0,1658097600,22.67,,1
0,0,1658097900,22.57,,1
0,0,1658098200,22.23,,1
0,0,1658098500,22.53,,1
0,0,1658098800,22.32,,1
0,0,1658099100,22.39,,1
0,0,1658099400,22.37,,1
0,0,1658099700,22.38,,1
0,0,1658100000,22.43,,1
0,0,1658100300,22.26,,1
0,0,1658100600,22.03,,1
0,0,1658100900,22.28,,1
0,0,1658101200,22.01,,1
0,0,1658101500,22.02,,1
0,0,1658101800,22.04,,1
0,0,1658102100,21.93,,1
0,0,1658102400,21.96,,1
0,0,1658102700,22.08,,1
0,0,1658103000,22.04,,1
0,0,1658103300,22.01,,1
0,0,1658103600,22.17,,1
0,0,1658103900,22.22,,1
0,0,1658104200,22.21,,1
0,0,1658104500,22.3,,1
0,0,1658104800,22.31,,1
0,0,1658105100,22.11,,1
0,0,1658105400,22.25,,1
0,0,1658105700,22.05,,1
0,0,1658106000,21.87,,1
0,0,1658106300,21.8,,1
0,0,1658106600,21.84,,1
0,0,1658106900,21.68,,1
0,0,1658107200,21.68,,1
0,0,1658107500,21.45,,1
0,0,1658107800,21.18,,1
0,0,1658108100,21.07,,1
0,0,1658108400,21.3,,1
0,0,1658108700,21,,1
0,0,1658109000,20.95,,1
0,0,1658109300,20.95,,1
0,0,1658109600,20.94,,1
0,0,1658109900,20.98,,1
0,0,1658110200,20.92,,1
0,0,1658110500,20.98,,1
0,0,1658110800,20.77,,1
0,0,1658111100,20.94,,1
0,0,1658111400,20.82,,1
0,0,1658111700,21,,1
0,0,1658112000,20.96,,1
0,0,1658112300,21.3,,1
0,0,1658112600,21.37,,1
0,0,1658112900,21.67,,1
0,0,1658113200,21.7,,1
0,0,1658113500,22.03,,1
0,0,1658113800,22.3,,1
0,0,1658114100,22.44,,1
0,0,1658114400,22.67,,1
0,0,1658114700,22.95,,1
0,0,1658115000,23.2,,1
0,0,1658115300,23.5,,1
0,0,1658115600,23.7,,1
0,0,1658115900,24.04,,1
0,0,1658116200,24.23,,1
0,0,1658116500,24.35,,1
0,0,1658116800,24.31,,1
0,0,1658117100,24.4,,1
0,0,1658117400,24.4,,1
0,0,1658117700,24.47,,1
0,0,1658118000,24.6,,1
0,0,1658118300,24.73,,1
0,0,1658118600,24.89,,1
0,0,1658118900,24.83,,1
0,0,1658119200,24.62,,1
0,0,1658119500,24.63,,1
0,0,1658119800,24.75,,1
0,0,1658120100,24.88,,1
0,0,1658120400,24.8,,1
0,0,1658120700,24.76,,1
0,0,1658121000,24.6,,1
0,0,1658121300,24.53,,1
0,0,1658121600,24.47,,1
0,0,1658121900,24.57,,1
0,0,1658122200,24.51,,1
0,0,1658122500,24.51,,1
0,0,1658122800,24.55,,1
0,0,1658123100,24.76,,1
0,0,1658123400,24.48,,1
0,0,1658123700,24.52,,1
0,0,1658124000,24.73,,1
0,0,1658124300,24.48,,1
0,0,1658124600,24.79,,1
0,0,1658124900,24.73,,1
0,0,1658125200,24.63,,1
0,0,1658125500,24.72,,1
0,0,1658125800,24.59,,1
0,0,1658126100,24.59,,1
0,0,1658126400,24.8,,1
0,0,1658126700,24.49,,1
0,0,1658127000,24.58,,1
0,0,1658127300,24.52,,1
0,0,1658127600,24.53,,1
0,0,1658127900,24.52,,1
0,0,1658128200,24.49,,1
0,0,1658128500,24.42,,1
0,0,1658128800,24.73,,1
0,0,1658129100,24.66,,1
0,0,1658129400,24.79,,1
0,0,1658129700,24.57,,1
0,0,1658130000,24.64,,1
0,0,1658130300,24.88,,1
0,0,1658130600,24.8,,1
0,0,1658130900,24.99,,1
0,0,1658131200,25,,1
0,0,1658131500,25.32,,1
0,0,1658131800,25.44,,1
0,0,1658132100,25.7,,1
0,0,1658132400,25.78,,1
0,0,1658132700,25.92,,1
0,0,1658133000,26.05,,1
0,0,1658133300,26.09,,1
0,0,1658133600,26.43,,1
0,0,1658133900,26.59,,1
0,0,1658134200,26.77,,1
0,0,1658134500,26.87,,1
0,0,1658134800,27.38,,1
0,0,1658135100,27.65,,1
0,0,1658135400,27.75,,1
0,0,1658135700,28.1,,1
0,0,1658136000,28.31,,1
0,0,1658136300,28.41,,1
0,0,1658136600,28.78,,1
0,0,1658136900,28.91,,1
0,0,1658137200,28.96,,1
0,0,1658137500,29.28,,1
0,0,1658137800,29.24,,1
0,0,1658138100,29.37,,1
0,0,1658138400,29.62,,1
0,0,1658138700,29.58,,1
0,0,1658139000,29.68,,1
0,0,1658139300,29.82,,1
0,0,1658139600,29.74,,1
0,0,1658139900,29.57,,1
0,0,1658140200,29.5,,1
0,0,1658140500,29.49,,1
0,0,1658140800,29.53,,1
0,0,1658141100,29.53,,1
0,0,1658141400,29.47,,1
0,0,1658141700,29.45,,1
0,0,1658142000,29.81,,1
0,0,1658142300,29.94,,1
0,0,1658142600,29.72,,1
0,0,1658142900,29.58,,1
0,0,1658143200,29.41,,1
0,0,1658143500,29.59,,1
0,0,1658143800,29.43,,1
0,0,1658144100,29.4,,1
0,0,1658144400,29.49,,1
0,0,1658144700,29.4,,1
0,0,1658145000,29.63,,1
0,0,1658145300,29.54,,1
0,0,1658145600,29.59,,1
0,0,1658145900,29.21,,1
0,0,1658146200,29.48,,1
0,0,1658146500,29.48,,1
0,0,1658146800,29.63,,1
0,0,1658147100,29.57,,1
0,0,1658147400,29.84,,1
0,0,1658147700,29.95,,1
0,1,1658148000,30.2,,1
0,1,1658148300,30.16,,1
0,1,1658148600,30.36,,1
0,1,1658148900,30.62,,1
0,1,1658149200,30.79,,1
0,1,1658149500,30.98,,1
0,1,1658149800,31.41,,1
0,1,1658150100,31.65,,1
0,1,1658150400,31.8,,1
0,1,1658150700,32.2,,1
0,1,1658151000,32.28,,1
0,1,1658151300,32.26,,1
0,1,1658151600,32.6,,1
0,1,1658151900,32.62,,1
0,1,1658152200,32.66,,1
0,1,1658152500,32.87,,1
0,1,1658152800,32.93,,1
0,1,1658153100,32.87,,1
0,1,1658153400,32.96,,1
0,1,1658153700,32.95,,1
0,1,1658154000,32.84,,1
0,1,1658154300,33.01,,1
0,1,1658154600,33.03,,1
0,1,1658154900,32.89,,1
0,1,1658155200,33.15,,1
0,1,1658155500,32.96,,1
0,1,1658155800,33.04,,1
0,1,1658156100,33.06,,1
0,1,1658156400,33.15,,1
0,1,1658156700,33.19,,1
0,1,1658157000,33.07,,1
0,1,1658157300,32.9,,1
0,1,1658157600,32.95,,1
0,1,1658157900,32.92,,1
0,1,1658158200,32.82,,1
0,1,1658158500,32.94,,1
0,1,1658158800,32.58,,1
0,1,1658159100,32.66,,1
0,1,1658159400,32.48,,1
0,1,1658159700,32.45,,1
0,1,1658160000,32.27,,1
0,1,1658160300,32.16,,1
0,1,1658160600,32.09,,1
0,1,1658160900,31.86,,1
0,1,1658161200,31.85,,1
0,1,1658161500,31.83,,1
0,1,1658161800,31.63,,1
0,1,1658162100,31.48,,1
0,1,1658162400,31.4,,1
0,1,1658162700,31.3,,1
0,1,1658163000,31.08,,1
0,1,1658163300,30.78,,1
0,1,1658163600,30.54,,1
0,1,1658163900,30.43,,1
0,1,1658164200,30.18,,1
0,1,1658164500,30.22,,1
0,0,1658164800,29.87,,1
0,0,1658165100,29.83,,1
0,0,1658165400,29.62,,1
0,0,1658165700,29.43,,1
0,0,1658166000,29.46,,1
0,0,1658166300,29.41,,1
0,0,1658166600,29.35,,1
0,0,1658166900,29.21,,1
0,0,1658167200,29.15,,1
0,0,1658167500,29.14,,1
0,0,1658167800,28.95,,1
0,0,1658168100,28.83,,1
0,0,1658168400,28.9,,1
0,0,1658168700,28.79,,1
0,0,1658169000,28.72,,1
0,0,1658169300,28.71,,1
0,0,1658169600,28.6,,1
0,0,1658169900,28.53,,1
0,0,1658170200,28.48,,1
0,0,1658170500,28.5,,1
0,0,1658170800,28.42,,1
0,0,1658171100,28.38,,1
0,0,1658171400,28.42,,1
0,0,1658171700,28.37,,1
0,0,1658172000,28.1,,1
0,0,1658172300,28.28,,1
0,0,1658172600,28.29,,1
0,0,1658172900,28.07,,1
0,0,1658173200,27.93,,1
0,0,1658173500,27.7,,1
0,0,1658173800,27.72,,1
0,0,1658174100,27.73,,1
0,0,1658174400,27.69,,1
0,0,1658174700,27.34,,1
0,0,1658175000,26.92,,1
0,0,1658175300,26.83,,1
0,0,1658175600,26.59,,1
0,0,1658175900,26.49,,1
0,0,1658176200,26.43,,1
0,0,1658176500,26.31,,1
0,0,1658176800,26.25,,1
0,0,1658177100,25.84,,1
0,0,1658177400,25.81,,1
0,0,1658177700,25.85,,1
0,0,1658178000,25.78,,1
0,0,1658178300,25.67,,1
0,0,1658178600,25.55,,1
0,0,1658178900,25.22,,1
0,0,1658179200,25.3,,1
0,0,1658179500,25.2,,1
0,0,1658179800,25.08,,1
0,0,1658180100,25.08,,1
0,0,1658180400,24.98,,1
0,0,1658180700,24.7,,1
0,0,1658181000,24.6,,1
0,0,1658181300,24.53,,1
0,0,1658181600,24.36,,1
0,0,1658181900,24.01,,1
0,0,1658182200,24.32,,1
0,0,1658182500,24.3,,1
0,0,1658182800,24.44,,1
0,0,1658183100,24.32,,1
0,0,1658183400,24.53,,1
0,0,1658183700,24.37,,1
0,0,1658184000,24.36,,1
0,0,1658184300,24.4,,1
0,0,1658184600,24.17,,1
0,0,1658184900,24.15,,1
0,0,1658185200,24.11,,1
0,0,1658185500,24.06,,1
0,0,1658185800,23.92,,1
0,0,1658186100,24.02,,1
0,0,1658186400,23.84,,1
0,0,1658186700,23.9,,1
0,0,1658187000,23.66,,1
0,0,1658187300,23.7,,1
0,0,1658187600,23.63,,1
0,0,1658187900,23.68,,1
0,0,1658188200,23.52,,1
0,0,1658188500,23.47,,1
0,0,1658188800,23.33,,1
0,0,1658189100,23.28,,1
0,0,1658189400,23.19,,1
0,0,1658189700,23.1,,1
0,0,1658190000,22.94,,1
0,0,1658190300,22.8,,1
0,0,1658190600,22.61,,1
0,0,1658190900,22.64,,1
0,0,1658191200,22.61,,1
0,0,1658191500,22.54,,1
0,0,1658191800,22.57,,1
0,0,1658192100,22.35,,1
0,0,1658192400,22.45,,1
0,0,1658192700,22.38,,1
0,0,1658193000,22.34,,1
0,0,1658193300,22.15,,1
0,0,1658193600,22,,1
0,0,1658193900,22.16,,1
0,0,1658194200,22.19,,1
0,0,1658194500,21.84,,1
0,0,1658194800,22.02,,1
0,0,1658195100,21.95,,1
0,0,1658195400,21.9,,1
0,0,1658195700,21.89,,1
0,0,1658196000,21.79,,1
0,0,1658196300,21.78,,1
0,0,1658196600,21.7,,1
0,0,1658196900,21.68,,1
0,0,1658197200,21.82,,1
0,0,1658197500,21.83,,1
0,0,1658197800,21.55,,1
0,0,1658198100,21.63,,1
0,0,1658198400,21.81,,1
0,0,1658198700,21.94,,1
0,0,1658199000,22.11,,1
0,0,1658199300,22.35,,1
0,0,1658199600,22.66,,1
0,0,1658199900,22.83,,1
0,0,1658200200,23.12,,1
0,0,1658200500,23.4,,1
0,0,1658200800,23.58,,1
0,0,1658201100,23.94,,1
0,0,1658201400,24.22,,1
0,0,1658201700,24.17,,1
0,0,1658202000,24.33,,1
0,0,1658202300,24.64,,1
0,0,1658202600,24.76,,1
0,0,1658202900,25.06,,1
0,0,1658203200,25.51,,1
0,0,1658203500,25.68,,1
0,0,1658203800,26.07,,1
0,0,1658204100,26.11,,1
0,0,1658204400,26.48,,1
0,0,1658204700,26.52,,1
0,0,1658205000,27.14,,1
0,0,1658205300,27.07,,1
0,0,1658205600,27.52,,1
0,0,1658205900,27.66,,1
0,0,1658206200,27.92,,1
0,0,1658206500,27.77,,1
0,0,1658206800,27.85,,1
0,0,1658207100,28.28,,1
0,0,1658207400,28.12,,1
0,0,1658207700,28.19,,1
0,0,1658208000,28.23,,1
0,0,1658208300,27.94,,1
0,0,1658208600,27.85,,1
0,0,1658208900,27.99,,1
0,0,1658209200,28.24,,1
0,0,1658209500,28,,1
0,0,1658209800,27.88,,1
0,0,1658210100,27.85,,1
0,0,1658210400,27.59,,1
0,0,1658210700,27.53,,1
0,0,1658211000,27.38,,1
0,0,1658211300,27.3,,1
0,0,1658211600,27.2,,1
0,0,1658211900,27.05,,1
0,0,1658212200,26.98,,1
0,0,1658212500,26.71,,1
0,0,1658212800,26.35,,1
0,0,1658213100,26.2,,1
0,0,1658213400,26.18,,1
0,0,1658213700,25.91,,1
0,0,1658214000,25.82,,1
0,0,1658214300,25.63,,1
0,0,1658214600,25.75,,1
0,0,1658214900,25.64,,1
0,0,1658215200,25.53,,1
0,0,1658215500,25.46,,1
0,0,1658215800,25.51,,1
0,0,1658216100,25.36,,1
0,0,1658216400,25.41,,1
0,0,1658216700,25.45,,1
0,0,1658217000,25.39,,1
0,0,1658217300,25.33,,1
0,0,1658217600,25.32,,1
0,0,1658217900,25.68,,1
0,0,1658218200,25.59,,1
0,0,1658218500,25.84,,1
0,0,1658218800,26.02,,1
0,0,1658219100,26.09,,1
0,0,1658219400,26.15,,1
0,0,1658219700,26.34,,1
0,0,1658220000,26.75,,1
0,0,1658220300,26.8,,1
0,0,1658220600,26.99,,1
0,0,1658220900,27.43,,1
0,0,1658221200,27.61,,1
0,0,1658221500,28.07,,1
0,0,1658221800,28.29,,1
0,0,1658222100,28.76,,1
0,0,1658222400,29.34,,1
0,0,1658222700,29.55,,1
0,1,1658223000,30.1,,1
0,1,1658223300,30.33,,1
0,1,1658223600,30.63,,1
0,1,1658223900,31.13,,1
0,1,1658224200,31.48,,1
0,1,1658224500,31.81,,1
0,1,1658224800,32.26,,1
0,1,1658225100,32.3,,1
0,1,1658225400,32.48,,1
0,1,1658225700,32.43,,1
0,1,1658226000,32.74,,1
0,1,1658226300,32.76,,1
0,1,1658226600,33.25,,1
0,1,1658226900,33.32,,1
0,1,1658227200,33.87,,1
0,1,1658227500,33.87,,1
0,1,1658227800,34.03,,1
0,1,1658228100,34.29,,1
0,1,1658228400,34.57,,1
0,1,1658228700,34.51,,1
0,1,1658229000,34.81,,1
0,1,1658229300,34.95,,1
0,1,1658229600,35.1,,1
0,1,1658229900,35.16,,1
0,1,1658230200,35.25,,1
0,1,1658230500,35.46,,1
0,1,1658230800,35.46,,1
0,1,1658231100,35.59,,1
0,1,1658231400,35.67,,1
0,1,1658231700,35.56,,1
0,1,1658232000,35.78,,1
0,1,1658232300,35.8,,1
0,1,1658232600,35.5,,1
0,1,1658232900,35.37,,1
0,1,1658233200,34.86,,1
0,1,1658233500,34.46,,1
0,1,1658233800,34.2,,1
0,1,1658234100,34.59,,1
0,1,1658234400,33.99,,1
0,1,1658234700,33.53,,1
0,1,1658235000,33.07,,1
0,1,1658235300,32.87,,1
0,1,1658235600,32.55,,1
0,1,1658235900,32.72,,1
0,1,1658236200,32.8,,1
0,1,1658236500,32.63,,1
0,1,1658236800,32.61,,1
0,1,1658237100,32.55,,1
0,1,1658237400,32.38,,1
0,1,1658237700,32.66,,1
0,1,1658238000,32.42,,1
0,1,1658238300,32.39,,1
0,1,1658238600,32.57,,1
0,1,1658238900,32.45,,1
0,1,1658239200,32.51,,1
0,1,1658239500,32.52,,1
0,1,1658239800,32.51,,1
0,1,1658240100,32.7,,1
0,1,1658240400,32.76,,1
0,1,1658240700,32.47,,1
0,1,1658241000,32.53,,1
0,1,1658241300,32.53,,1
0,1,1658241600,32.35,,1
0,1,1658241900,32.39,,1
0,1,1658242200,32.32,,1
0,1,1658242500,32.39,,1
0,1,1658242800,32.42,,1
0,1,1658243100,32.31,,1
0,1,1658243400,32.01,,1
0,1,1658243700,31.86,,1
0,1,1658244000,31.61,,1
0,1,1658244300,31.39,,1
0,1,1658244600,31.49,,1
0,1,1658244900,31.44,,1
0,1,1658245200,31.55,,1
0,1,1658245500,31.46,,1
0,1,1658245800,31.66,,1
0,1,1658246100,31.46,,1
0,1,1658246400,31.45,,1
0,1,1658246700,31.38,,1
0,1,1658247000,31.02,,1
0,1,1658247300,31.04,,1
0,1,1658247600,31.27,,1
0,1,1658247900,31.31,,1
0,1,1658248200,31.28,,1
0,1,1658248500,31.14,,1
0,1,1658248800,31.28,,1
0,1,1658249100,31.16,,1
0,1,1658249400,31,,1
0,1,1658249700,30.71,,1
0,1,1658250000,30.65,,1
0,1,1658250300,30.37,,1
0,0,1658250600,29.97,,1
0,0,1658250900,29.88,,1
0,0,1658251200,29.89,,1
0,0,1658251500,29.62,,1
0,0,1658251800,29.33,,1
0,0,1658252100,29.25,,1
0,0,1658252400,29.46,,1
0,0,1658252700,29.17,,1
0,0,1658253000,29.22,,1
0,0,1658253300,29.13,,1
0,0,1658253600,28.88,,1
0,0,1658253900,28.97,,1
0,0,1658254200,28.75,,1
0,0,1658254500,28.55,,1
0,0,1658254800,28.31,,1
0,0,1658255100,28.43,,1
0,0,1658255400,28.45,,1
0,0,1658255700,28.47,,1
0,0,1658256000,28.25,,1
0,0,1658256300,28.56,,1
0,0,1658256600,28.8,,1
0,0,1658256900,28.98,,1
0,0,1658257200,29.01,,1
0,0,1658257500,28.76,,1
0,0,1658257800,28.6,,1
0,0,1658258100,28.49,,1
0,0,1658258400,28.83,,1
0,0,1658258700,28.93,,1
0,0,1658259000,29.01,,1
0,0,1658259300,29.04,,1
0,0,1658259600,29.17,,1
0,0,1658259900,29.38,,1
0,0,1658260200,29.13,,1
0,0,1658260500,29.29,,1
0,0,1658260800,29.29,,1
0,0,1658261100,29.32,,1
0,0,1658261400,29.39,,1
0,0,1658261700,29.38,,1
0,0,1658262000,29.35,,1
0,0,1658262300,29.3,,1
0,0,1658262600,29.38,,1
0,0,1658262900,29.19,,1
0,0,1658263200,29.2,,1
0,0,1658263500,29.28,,1
0,0,1658263800,29.25,,1
0,0,1658264100,29.27,,1
0,0,1658264400,29.28,,1
0,0,1658264700,29.17,,1
0,0,1658265000,29.43,,1
0,0,1658265300,29.24,,1
0,0,1658265600,29.23,,1
0,0,1658265900,29.15,,1
0,0,1658266200,29.08,,1
0,0,1658266500,29.03,,1
0,0,1658266800,28.95,,1
0,0,1658267100,28.88,,1
0,0,1658267400,29.09,,1
0,0,1658267700,29,,1
0,0,1658268000,28.78,,1
0,0,1658268300,28.59,,1
0,0,1658268600,28.62,,1
0,0,1658268900,28.62,,1
0,0,1658269200,28.51,,1
0,0,1658269500,28.44,,1
0,0,1658269800,28.37,,1
0,0,1658270100,28.17,,1
0,0,1658270400,28.05,,1
0,0,1658270700,28.09,,1
0,0,1658271000,27.78,,1
0,0,1658271300,27.65,,1
0,0,1658271600,27.51,,1
0,0,1658271900,27.29,,1
0,0,1658272200,27.07,,1
0,0,1658272500,27.1,,1
0,0,1658272800,26.98,,1
0,0,1658273100,26.57,,1
0,0,1658273400,26.39,,1
0,0,1658273700,26.22,,1
0,0,1658274000,26.12,,1
0,0,1658274300,25.88,,1
0,0,1658274600,25.8,,1
0,0,1658274900,25.68,,1
0,0,1658275200,25.62,,1
0,0,1658275500,25.52,,1
0,0,1658275800,25.45,,1
0,0,1658276100,25.43,,1
0,0,1658276400,25.39,,1
0,0,1658276700,25.34,,1
0,0,1658277000,25.28,,1
0,0,1658277300,25.34,,1
0,0,1658277600,25.19,,1
0,0,1658277900,25.24,,1
0,0,1658278200,25.08,,1
0,0,1658278500,25.19,,1
0,0,1658278800,25.32,,1
0,0,1658279100,24.91,,1
0,0,1658279400,25.07,,1
0,0,1658279700,25.1,,1
0,0,1658280000,25.02,,1
0,0,1658280300,24.89,,1
0,0,1658280600,24.91,,1
0,0,1658280900,24.99,,1
0,0,1658281200,24.85,,1
0,0,1658281500,24.59,,1
0,0,1658281800,24.77,,1
0,0,1658282100,24.5,,1
0,0,1658282400,24.72,,1
0,0,1658282700,24.54,,1
0,0,1658283000,24.74,,1
0,0,1658283300,24.55,,1
0,0,1658283600,24.45,,1
0,0,1658283900,24.45,,1
0,0,1658284200,24.36,,1
0,0,1658284500,24.41,,1
0,0,1658284800,24.3,,1
0,0,1658285100,24.29,,1
0,0,1658285400,24.21,,1
0,0,1658285700,24.41,,1
0,0,1658286000,24.41,,1
0,0,1658286300,24.58,,1
0,0,1658286600,24.4,,1
0,0,1658286900,24.23,,1
0,0,1658287200,24.4,,1
0,0,1658287500,24.18,,1
0,0,1658287800,24.44,,1
0,0,1658288100,24.19,,1
0,0,1658288400,24.35,,1
0,0,1658288700,24.34,,1
0,0,1658289000,24.21,,1
0,0,1658289300,24.3,,1
0,0,1658289600,24.21,,1
0,0,1658289900,24.13,,1
0,0,1658290200,24.02,,1
0,0,1658290500,23.7,,1
0,0,1658290800,23.46,,1
0,0,1658291100,23.28,,1
0,0,1658291400,23.09,,1
0,0,1658291700,23.01,,1
0,0,1658292000,22.83,,1
0,0,1658292300,22.88,,1
0,0,1658292600,22.67,,1
0,0,1658292900,22.61,,1
0,0,1658293200,22.54,,1
0,0,1658293500,22.56,,1
0,0,1658293800,22.58,,1
0,0,1658294100,22.59,,1
0,0,1658294400,22.77,,1
0,0,1658294700,22.87,,1
0,0,1658295000,22.92,,1
0,0,1658295300,22.78,,1
0,0,1658295600,23.07,,1
0,0,1658295900,23.15,,1
0,0,1658296200,23.37,,1
0,0,1658296500,23.22,,1
0,0,1658296800,23.58,,1
0,0,1658297100,23.72,,1
0,0,1658297400,24,,1
0,0,1658297700,24.1,,1
0,0,1658298000,24.33,,1
0,0,1658298300,24.53,,1
0,0,1658298600,24.55,,1
0,0,1658298900,24.82,,1
0,0,1658299200,25.01,,1
0,0,1658299500,25.11,,1
0,0,1658299800,25.34,,1
0,0,1658300100,25.48,,1
0,0,1658300400,25.64,,1
0,0,1658300700,25.76,,1
0,0,1658301000,25.81,,1
0,0,1658301300,26.07,,1
0,0,1658301600,26.36,,1
0,0,1658301900,26.5,,1
0,0,1658302200,26.78,,1
0,0,1658302500,26.7,,1
0,0,1658302800,26.68,,1
0,0,1658303100,26.77,,1
0,0,1658303400,26.81,,1
0,0,1658303700,26.98,,1
0,0,1658304000,27.2,,1
0,0,1658304300,27.13,,1
0,0,1658304600,27.1,,1
0,0,1658304900,27.43,,1
0,0,1658305200,27.7,,1
0,0,1658305500,28.09,,1
0,0,1658305800,28.07,,1
0,0,1658306100,28.27,,1
0,0,1658306400,28.37,,1
0,0,1658306700,28.51,,1
0,0,1658307000,28.48,,1
0,0,1658307300,28.83,,1
0,0,1658307600,28.84,,1
0,0,1658307900,28.77,,1
0,0,1658308200,28.84,,1
0,0,1658308500,28.83,,1
0,0,1658308800,29.04,,1
0,0,1658309100,29.32,,1
0,0,1658309400,29.38,,1
0,0,1658309700,29.67,,1
0,0,1658310000,29.8,,1
0,0,1658310300,29.95,,1
0,1,1658310600,30.33,,1
0,1,1658310900,30.29,,1
0,1,1658311200,30.47,,1
0,1,1658311500,30.61,,1
0,1,1658311800,30.63,,1
0,1,1658312100,30.91,,1
0,1,1658312400,31.1,,1
0,1,1658312700,31.1,,1
0,1,1658313000,31.4,,1
0,1,1658313300,31.45,,1
0,1,1658313600,31.63,,1
0,1,1658313900,31.82,,1
0,1,1658314200,31.87,,1
0,1,1658314500,31.52,,1
0,1,1658314800,31.44,,1
0,1,1658315100,30.99,,1
0,1,1658315400,30.72,,1
0,1,1658315700,30.44,,1
0,1,1658316000,30.07,,1
0,0,1658316300,29.5,,1
0,0,1658316600,29.23,,1
0,0,1658316900,28.9,,1
0,0,1658317200,28.6,,1
0,0,1658317500,28.19,,1
0,0,1658317800,28.06,,1
0,0,1658318100,28.21,,1
0,0,1658318400,28.41,,1
0,0,1658318700,28.6,,1
0,0,1658319000,28.76,,1
0,0,1658319300,28.67,,1
0,0,1658319600,28.55,,1
0,0,1658319900,28.28,,1
0,0,1658320200,28.17,,1
0,0,1658320500,28.18,,1
0,0,1658320800,28.26,,1
0,0,1658321100,28.07,,1
0,0,1658321400,27.94,,1
0,0,1658321700,27.91,,1
0,0,1658322000,28.33,,1
0,0,1658322300,28.1,,1
0,0,1658322600,28.07,,1
0,0,1658322900,27.8,,1
0,0,1658323200,27.62,,1
0,0,1658323500,27.49,,1
0,0,1658323800,27.46,,1
0,0,1658324100,27.33,,1
0,0,1658324400,27.26,,1
0,0,1658324700,27.26,,1
0,0,1658325000,27.27,,1
0,0,1658325300,27.21,,1
0,0,1658325600,27,,1
0,0,1658325900,27.06,,1
0,0,1658326200,26.74,,1
0,0,1658326500,26.6,,1
0,0,1658326800,26.37,,1
0,0,1658327100,26.34,,1
0,0,1658327400,26.42,,1
0,0,1658327700,26.31,,1
0,0,1658328000,26.42,,1
0,0,1658328300,26.18,,1
0,0,1658328600,26.33,,1
0,0,1658328900,26.42,,1
0,0,1658329200,26.36,,1
0,0,1658329500,26.25,,1
0,0,1658329800,26.2,,1
0,0,1658330100,26.07,,1
0,0,1658330400,26.16,,1
0,0,1658330700,26.25,,1
0,0,1658331000,26.3,,1
0,0,1658331300,26.11,,1
0,0,1658331600,26.13,,1
0,0,1658331900,26.06,,1
0,0,1658332200,26.08,,1
0,0,1658332500,25.85,,1
0,0,1658332800,25.48,,1
0,0,1658333100,25.03,,1
0,0,1658333400,24.82,,1
0,0,1658333700,24.47,,1
0,0,1658334000,24.18,,1
0,0,1658334300,24.23,,1
0,0,1658334600,24.19,,1
0,0,1658334900,24.12,,1
0,0,1658335200,24.13,,1
0,0,1658335500,24.12,,1
0,0,1658335800,24.02,,1
0,0,1658336100,24.02,,1
0,0,1658336400,24.04,,1
0,0,1658336700,23.83,,1
0,0,1658337000,23.81,,1
0,0,1658337300,23.98,,1
0,0,1658337600,23.86,,1
0,0,1658337900,23.7,,1
0,0,1658338200,23.72,,1
0,0,1658338500,23.8,,1
0,0,1658338800,23.76,,1
0,0,1658339100,23.92,,1
0,0,1658339400,24.01,,1
0,0,1658339700,23.72,,1
0,0,1658340000,23.8,,1
0,0,1658340300,23.86,,1
0,0,1658340600,23.87,,1
0,0,1658340900,23.81,,1
0,0,1658341200,24.05,,1
0,0,1658341500,23.73,,1
0,0,1658341800,23.91,,1
0,0,1658342100,23.93,,1
0,0,1658342400,23.81,,1
0,0,1658342700,23.87,,1
0,0,1658343000,23.99,,1
0,0,1658343300,23.95,,1
0,0,1658343600,23.81,,1
0,0,1658343900,23.73,,1
0,0,1658344200,23.87,,1
0,0,1658344500,23.71,,1
0,0,1658344800,23.79,,1
0,0,1658345100,23.75,,1
0,0,1658345400,23.76,,1
0,0,1658345700,23.88,,1
0,0,1658346000,23.85,,1
0,0,1658346300,23.68,,1
0,0,1658346600,23.79,,1
0,0,1658346900,23.86,,1
0,0,1658347200,23.77,,1
0,0,1658347500,23.75,,1
0,0,1658347800,23.88,,1
0,0,1658348100,23.89,,1
0,0,1658348400,23.82,,1
0,0,1658348700,23.9,,1
0,0,1658349000,23.7,,1
0,0,1658349300,23.63,,1
0,0,1658349600,23.74,,1
0,0,1658349900,23.78,,1
0,0,1658350200,23.85,,1
0,0,1658350500,23.68,,1
0,0,1658350800,23.57,,1
0,0,1658351100,23.64,,1
0,0,1658351400,23.58,,1
0,0,1658351700,23.43,,1
0,0,1658352000,23.59,,1
0,0,1658352300,23.62,,1
0,0,1658352600,23.73,,1
0,0,1658352900,23.45,,1
0,0,1658353200,23.72,,1
0,0,1658353500,23.86,,1
0,0,1658353800,23.75,,1
0,0,1658354100,23.72,,1
0,0,1658354400,23.75,,1
0,0,1658354700,23.58,,1
0,0,1658355000,23.78,,1
0,0,1658355300,23.69,,1
0,0,1658355600,23.5,,1
0,0,1658355900,23.68,,1
0,0,1658356200,23.73,,1
0,0,1658356500,23.63,,1
0,0,1658356800,23.58,,1
0,0,1658357100,23.52,,1
0,0,1658357400,23.52,,1
0,0,1658357700,23.56,,1
0,0,1658358000,23.41,,1
0,0,1658358300,23.54,,1
0,0,1658358600,23.46,,1
0,0,1658358900,23.44,,1
0,0,1658359200,23.37,,1
0,0,1658359500,23.37,,1
0,0,1658359800,23.33,,1
0,0,1658360100,23.49,,1
0,0,1658360400,23.22,,1
0,0,1658360700,23.26,,1
0,0,1658361000,23.41,,1
0,0,1658361300,23.32,,1
0,0,1658361600,23.11,,1
0,0,1658361900,23.04,,1
0,0,1658362200,23.22,,1
0,0,1658362500,23.16,,1
0,0,1658362800,23.17,,1
0,0,1658363100,23.08,,1
0,0,1658363400,23.25,,1
0,0,1658363700,23.11,,1
0,0,1658364000,23.31,,1
0,0,1658364300,23.24,,1
0,0,1658364600,23.17,,1
0,0,1658364900,23.1,,1
0,0,1658365200,23.14,,1
0,0,1658365500,23.12,,1
0,0,1658365800,23.1,,1
0,0,1658366100,23.21,,1
0,0,1658366400,23.24,,1
0,0,1658366700,23.15,,1
0,0,1658367000,23.13,,1
0,0,1658367300,23.08,,1
0,0,1658367600,23.2,,1
0,0,1658367900,23.21,,1
0,0,1658368200,23.09,,1
0,0,1658368500,23.06,,1
0,0,1658368800,23.13,,1
0,0,1658369100,22.99,,1
0,0,1658369400,23,,1
0,0,1658369700,22.97,,1
0,0,1658370000,23.03,,1
0,0,1658370300,23.13,,1
0,0,1658370600,23,,1
0,0,1658370900,22.79,,1
0,0,1658371200,23.11,,1
0,0,1658371500,22.98,,1
0,0,1658371800,22.82,,1
0,0,1658372100,22.99,,1
0,0,1658372400,23.18,,1
0,0,1658372700,23.22,,1
0,0,1658373000,23.33,,1
0,0,1658373300,23.49,,1
0,0,1658373600,23.51,,1
0,0,1658373900,23.53,,1
0,0,1658374200,23.66,,1
0,0,1658374500,23.38,,1
0,0,1658374800,23.47,,1
0,0,1658375100,23.17,,1
0,0,1658375400,23.44,,1
0,0,1658375700,23.38,,1
0,0,1658376000,23.7,,1
0,0,1658376300,23.98,,1
0,0,1658376600,24.18,,1
0,0,1658376900,24.15,,1
0,0,1658377200,24.08,,1
0,0,1658377500,24.47,,1
0,0,1658377800,24.45,,1
0,0,1658378100,24.45,,1
0,0,1658378400,24.37,,1
0,0,1658378700,24.41,,1
0,0,1658379000,24.57,,1
0,0,1658379300,24.63,,1
0,0,1658379600,24.61,,1
0,0,1658379900,24.66,,1
0,0,1658380200,24.89,,1
0,0,1658380500,24.87,,1
0,0,1658380800,25.1,,1
0,0,1658381100,25.23,,1
0,0,1658381400,25.45,,1
0,0,1658381700,25.75,,1
0,0,1658382000,26,,1
0,0,1658382300,26.23,,1
0,0,1658382600,26.16,,1
0,0,1658382900,26.13,,1
0,0,1658383200,26.18,,1
0,0,1658383500,26.35,,1
0,0,1658383800,26.22,,1
0,0,1658384100,26.23,,1
0,0,1658384400,26.21,,1
0,0,1658384700,25.86,,1
0,0,1658385000,25.93,,1
0,0,1658385300,25.88,,1
0,0,1658385600,25.96,,1
0,0,1658385900,25.84,,1
0,0,1658386200,25.73,,1
0,0,1658386500,25.93,,1
0,0,1658386800,25.99,,1
0,0,1658387100,26.03,,1
0,0,1658387400,26.23,,1
0,0,1658387700,26.05,,1
0,0,1658388000,26.26,,1
0,0,1658388300,26.07,,1
0,0,1658388600,26.44,,1
0,0,1658388900,26.16,,1
0,0,1658389200,26.15,,1
0,0,1658389500,26.28,,1
0,0,1658389800,26.28,,1
0,0,1658390100,26.29,,1
0,0,1658390400,26.38,,1
0,0,1658390700,26.43,,1
0,0,1658391000,26.31,,1
0,0,1658391300,26.52,,1
0,0,1658391600,26.57,,1
0,0,1658391900,26.49,,1
0,0,1658392200,26.88,,1
0,0,1658392500,27,,1
0,0,1658392800,27.38,,1
0,0,1658393100,27.39,,1
0,0,1658393400,27.61,,1
0,0,1658393700,27.83,,1
0,0,1658394000,27.72,,1
0,0,1658394300,27.91,,1
0,0,1658394600,27.88,,1
0,0,1658394900,27.96,,1
0,0,1658395200,28.12,,1
0,0,1658395500,28.37,,1
0,0,1658395800,28.48,,1
0,0,1658396100,28.79,,1
0,0,1658396400,28.88,,1
0,0,1658396700,29.62,,1
0,0,1658397000,29.73,,1
0,1,1658397300,30.18,,1
0,1,1658397600,30.43,,1
0,1,1658397900,30.49,,1
0,1,1658398200,31,,1
0,1,1658398500,31.07,,1
0,1,1658398800,31.29,,1
0,1,1658399100,31.54,,1
0,1,1658399400,31.61,,1
0,1,1658399700,31.55,,1
0,1,1658400000,31.76,,1
0,1,1658400300,31.66,,1
0,1,1658400600,31.78,,1
0,1,1658400900,32.05,,1
0,1,1658401200,31.78,,1
0,1,1658401500,31.85,,1
0,1,1658401800,31.83,,1
0,1,1658402100,31.83,,1
0,1,1658402400,32.03,,1
0,1,1658402700,31.99,,1
0,1,1658403000,32.29,,1
0,1,1658403300,31.86,,1
0,1,1658403600,32.07,,1
0,1,1658403900,32.18,,1
0,1,1658404200,32.2,,1
0,1,1658404500,32.41,,1
0,1,1658404800,32.27,,1
0,1,1658405100,32.11,,1
0,1,1658405400,32.42,,1
0,1,1658405700,32.48,,1
0,1,1658406000,32.66,,1
0,1,1658406300,32.57,,1
0,1,1658406600,32.63,,1
0,1,1658406900,32.67,,1
0,1,1658407200,32.8,,1
0,1,1658407500,32.65,,1
0,1,1658407800,32.46,,1
0,1,1658408100,32.68,,1
0,1,1658408400,32.87,,1
0,1,1658408700,33.3,,1
0,1,1658409000,33.24,,1
0,1,1658409300,33.38,,1
0,1,1658409600,33.48,,1
0,1,1658409900,33.75,,1
0,1,1658410200,33.64,,1
0,1,1658410500,33.6,,1
0,1,1658410800,33.85,,1
0,1,1658411100,33.74,,1
0,1,1658411400,33.51,,1
0,1,1658411700,33.81,,1
0,1,1658412000,33.87,,1
0,1,1658412300,33.9,,1
0,1,1658412600,33.91,,1
0,1,1658412900,34.01,,1
0,1,1658413200,33.98,,1
0,1,1658413500,33.92,,1
0,1,1658413800,33.65,,1
0,1,1658414100,33.57,,1
0,1,1658414400,33.72,,1
0,1,1658414700,33.58,,1
0,1,1658415000,33.59,,1
0,1,1658415300,33.24,,1
0,1,1658415600,33.39,,1
0,1,1658415900,33.26,,1
0,1,1658416200,33.03,,1
0,1,1658416500,32.89,,1
0,1,1658416800,32.2,,1
0,1,1658417100,32.36,,1
0,1,1658417400,32.02,,1
0,1,1658417700,31.9,,1
0,1,1658418000,31.5,,1
0,1,1658418300,31.46,,1
0,1,1658418600,31.44,,1
0,1,1658418900,31.39,,1
0,1,1658419200,31.12,,1
0,1,1658419500,30.94,,1
0,1,1658419800,30.77,,1
0,1,1658420100,30.29,,1
0,1,1658420400,30.29,,1
0,1,1658420700,30.19,,1
0,0,1658421000,29.97,,1
0,0,1658421300,29.83,,1
0,0,1658421600,29.57,,1
0,0,1658421900,29.41,,1
0,0,1658422200,29.19,,1
0,0,1658422500,28.99,,1
0,0,1658422800,28.58,,1
0,0,1658423100,28.49,,1
0,0,1658423400,28.08,,1
0,0,1658423700,27.97,,1
0,0,1658424000,27.74,,1
0,0,1658424300,27.68,,1
0,0,1658424600,27.47,,1
0,0,1658424900,27.33,,1
0,0,1658425200,27.39,,1
0,0,1658425500,27.13,,1
0,0,1658425800,27.11,,1
0,0,1658426100,27.13,,1
0,0,1658426400,27.12,,1
0,0,1658426700,26.78,,1
0,0,1658427000,26.79,,1
0,0,1658427300,26.83,,1
0,0,1658427600,26.7,,1
0,0,1658427900,26.48,,1
0,0,1658428200,26.54,,1
0,0,1658428500,26.56,,1
0,0,1658428800,26.4,,1
0,0,1658429100,26.39,,1
0,0,1658429400,26.52,,1
0,0,1658429700,26.28,,1
0,0,1658430000,26.21,,1
0,0,1658430300,26.34,,1
0,0,1658430600,26.05,,1
0,0,1658430900,26.03,,1
0,0,1658431200,26.06,,1
0,0,1658431500,25.87,,1
0,0,1658431800,25.83,,1
0,0,1658432100,25.79,,1
0,0,1658432400,25.72,,1
0,0,1658432700,25.77,,1
0,0,1658433000,25.8,,1
0,0,1658433300,25.71,,1
0,0,1658433600,25.62,,1
0,0,1658433900,25.57,,1
0,0,1658434200,25.45,,1
0,0,1658434500,25.37,,1
0,0,1658434800,25.49,,1
0,0,1658435100,25.43,,1
0,0,1658435400,25.31,,1
0,0,1658435700,25.17,,1
0,0,1658436000,25.16,,1
0,0,1658436300,25.13,,1
0,0,1658436600,25.04,,1
0,0,1658436900,24.97,,1
0,0,1658437200,25.02,,1
0,0,1658437500,24.76,,1
0,0,1658437800,24.88,,1
0,0,1658438100,24.62,,1
0,0,1658438400,24.63,,1
0,0,1658438700,24.58,,1
0,0,1658439000,24.67,,1
0,0,1658439300,24.53,,1
0,0,1658439600,24.63,,1
0,0,1658439900,24.54,,1
0,0,1658440200,24.36,,1
0,0,1658440500,24.41,,1
0,0,1658440800,24.28,,1
0,0,1658441100,24.2,,1
0,0,1658441400,24,,1
0,0,1658441700,23.99,,1
0,0,1658442000,23.89,,1
0,0,1658442300,23.79,,1
0,0,1658442600,23.77,,1
0,0,1658442900,23.61,,1
0,0,1658443200,23.56,,1
0,0,1658443500,23.52,,1
0,0,1658443800,23.38,,1
0,0,1658444100,23.6,,1
0,0,1658444400,23.29,,1
0,0,1658444700,23.17,,1
0,0,1658445000,23.12,,1
0,0,1658445300,23.1,,1
0,0,1658445600,23.02,,1
0,0,1658445900,22.87,,1
0,0,1658446200,22.84,,1
0,0,1658446500,22.73,,1
0,0,1658446800,22.6,,1
0,0,1658447100,22.54,,1
0,0,1658447400,22.52,,1
0,0,1658447700,22.44,,1
0,0,1658448000,22.24,,1
0,0,1658448300,22.16,,1
0,0,1658448600,22.2,,1
0,0,1658448900,22.19,,1
0,0,1658449200,22.09,,1
0,0,1658449500,22.12,,1
0,0,1658449800,22.14,,1
0,0,1658450100,22.08,,1
0,0,1658450400,22.1,,1
0,0,1658450700,21.88,,1
0,0,1658451000,21.88,,1
0,0,1658451300,21.92,,1
0,0,1658451600,21.99,,1
0,0,1658451900,21.73,,1
0,0,1658452200,21.78,,1
0,0,1658452500,21.65,,1
0,0,1658452800,21.7,,1
0,0,1658453100,21.61,,1
0,0,1658453400,21.83,,1
0,0,1658453700,21.48,,1
0,0,1658454000,21.44,,1
0,0,1658454300,21.51,,1
0,0,1658454600,21.63,,1
0,0,1658454900,21.36,,1
0,0,1658455200,21.65,,1
0,0,1658455500,21.53,,1
0,0,1658455800,21.37,,1
0,0,1658456100,21.27,,1
0,0,1658456400,21.29,,1
0,0,1658456700,21.41,,1
0,0,1658457000,21.46,,1
0,0,1658457300,21.43,,1
0,0,1658457600,21.51,,1
0,0,1658457900,21.62,,1
0,0,1658458200,21.83,,1
0,0,1658458500,21.82,,1
0,0,1658458800,22.18,,1
0,0,1658459100,22.38,,1
0,0,1658459400,22.65,,1
0,0,1658459700,22.95,,1
0,0,1658460000,23.41,,1
0,0,1658460300,23.53,,1
0,0,1658460600,23.73,,1
0,0,1658460900,24.09,,1
0,0,1658461200,24.32,,1
0,0,1658461500,24.28,,1
0,0,1658461800,24.66,,1
0,0,1658462100,24.71,,1
0,0,1658462400,25.09,,1
0,0,1658462700,25.38,,1
0,0,1658463000,25.43,,1
0,0,1658463300,25.72,,1
0,0,1658463600,25.73,,1
0,0,1658463900,25.98,,1
0,0,1658464200,26.07,,1
0,0,1658464500,26.13,,1
0,0,1658464800,26.07,,1
0,0,1658465100,26.08,,1
0,0,1658465400,26.24,,1
0,0,1658465700,26.03,,1
0,0,1658466000,26.12,,1
0,0,1658466300,25.87,,1
0,0,1658466600,25.78,,1
0,0,1658466900,25.85,,1
0,0,1658467200,25.69,,1
0,0,1658467500,25.72,,1
0,0,1658467800,25.8,,1
0,0,1658468100,25.54,,1
0,0,1658468400,25.54,,1
0,0,1658468700,25.39,,1
0,0,1658469000,25.5,,1
0,0,1658469300,25.39,,1
0,0,1658469600,25.43,,1
0,0,1658469900,25.44,,1
0,0,1658470200,25.43,,1
0,0,1658470500,25.14,,1
0,0,1658470800,25.44,,1
0,0,1658471100,25.57,,1
0,0,1658471400,25.42,,1
0,0,1658471700,25.39,,1
0,0,1658472000,25.28,,1
0,0,1658472300,25.42,,1
0,0,1658472600,25.38,,1
0,0,1658472900,25.3,,1
0,0,1658473200,25.47,,1
0,0,1658473500,25.28,,1
0,0,1658473800,25.42,,1
0,0,1658474100,25.41,,1
0,0,1658474400,25.5,,1
0,0,1658474700,25.51,,1
0,0,1658475000,25.66,,1
0,0,1658475300,25.65,,1
0,0,1658475600,26,,1
0,0,1658475900,26.1,,1
0,0,1658476200,26.24,,1
0,0,1658476500,26.27,,1
0,0,1658476800,26.29,,1
0,0,1658477100,26.74,,1
0,0,1658477400,26.86,,1
0,0,1658477700,26.92,,1
0,0,1658478000,27.16,,1
0,0,1658478300,27.43,,1
0,0,1658478600,27.58,,1
0,0,1658478900,27.65,,1
0,0,1658479200,27.92,,1
0,0,1658479500,28,,1
0,0,1658479800,28.21,,1
0,0,1658480100,28.07,,1
0,0,1658480400,28.59,,1
0,0,1658480700,28.72,,1
0,0,1658481000,28.89,,1
0,0,1658481300,29.25,,1
0,0,1658481600,29.23,,1
0,0,1658481900,29.5,,1
0,0,1658482200,29.6,,1
0,0,1658482500,29.78,,1
0,1,1658482800,30.24,,1
0,1,1658483100,30.48,,1
0,1,1658483400,30.53,,1
0,1,1658483700,30.81,,1
0,1,1658484000,31.09,,1
0,1,1658484300,31.28,,1
0,1,1658484600,31.45,,1
0,1,1658484900,31.37,,1
0,1,1658485200,31.42,,1
0,1,1658485500,31.72,,1
0,1,1658485800,31.75,,1
0,1,1658486100,31.74,,1
0,1,1658486400,31.9,,1
0,1,1658486700,32.03,,1
0,1,1658487000,32.27,,1
0,1,1658487300,32.18,,1
0,1,1658487600,32.24,,1
0,1,1658487900,32.4,,1
0,1,1658488200,32.35,,1
0,1,1658488500,32.56,,1
0,1,1658488800,32.56,,1
0,1,1658489100,32.86,,1
0,1,1658489400,33.15,,1
0,1,1658489700,33.2,,1
0,1,1658490000,33.29,,1
0,1,1658490300,33.64,,1
0,1,1658490600,33.89,,1
0,1,1658490900,33.9,,1
0,1,1658491200,33.9,,1
0,1,1658491500,33.93,,1
0,1,1658491800,34.02,,1
0,1,1658492100,34.14,,1
0,1,1658492400,34.24,,1
0,1,1658492700,34.29,,1
0,1,1658493000,34.34,,1
0,1,1658493300,33.75,,1
0,1,1658493600,34.11,,1
0,1,1658493900,33.91,,1
0,1,1658494200,33.96,,1
0,1,1658494500,33.98,,1
0,1,1658494800,34.12,,1
0,1,1658495100,34.29,,1
0,1,1658495400,34.17,,1
0,1,1658495700,34.2,,1
0,1,1658496000,33.99,,1
0,1,1658496300,34.05,,1
0,1,1658496600,34.01,,1
0,1,1658496900,34.14,,1
0,1,1658497200,33.74,,1
0,1,1658497500,33.47,,1
0,1,1658497800,33.33,,1
0,1,1658498100,32.95,,1
0,1,1658498400,32.71,,1
0,1,1658498700,32.42,,1
0,1,1658499000,31.92,,1
0,1,1658499300,31.69,,1
0,1,1658499600,31.2,,1
0,1,1658499900,31.18,,1
0,1,1658500200,30.93,,1
0,1,1658500500,30.76,,1
0,1,1658500800,30.48,,1
0,1,1658501100,30.3,,1
0,1,1658501400,30.13,,1
0,0,1658501700,29.66,,1
0,0,1658502000,29.28,,1
0,0,1658502300,28.95,,1
0,0,1658502600,28.73,,1
0,0,1658502900,28.55,,1
0,0,1658503200,28.65,,1
0,0,1658503500,28.33,,1
0,0,1658503800,28.04,,1
0,0,1658504100,27.99,,1
0,0,1658504400,27.81,,1
0,0,1658504700,27.68,,1
0,0,1658505000,27.75,,1
0,0,1658505300,27.65,,1
0,0,1658505600,27.68,,1
0,0,1658505900,27.66,,1
0,0,1658506200,27.54,,1
0,0,1658506500,27.64,,1
0,0,1658506800,27.43,,1
0,0,1658507100,27.63,,1
0,0,1658507400,27.42,,1
0,0,1658507700,27.49,,1
0,0,1658508000,27.5,,1
0,0,1658508300,27.5,,1
0,0,1658508600,27.58,,1
0,0,1658508900,27.61,,1
0,0,1658509200,27.41,,1
0,0,1658509500,27.52,,1
0,0,1658509800,27.48,,1
0,0,1658510100,27.71,,1
0,0,1658510400,27.66,,1
0,0,1658510700,27.78,,1
0,0,1658511000,28.18,,1
0,0,1658511300,28.11,,1
0,0,1658511600,28.17,,1
0,0,1658511900,28.28,,1
0,0,1658512200,28.42,,1
0,0,1658512500,28.73,,1
0,0,1658512800,28.53,,1
0,0,1658513100,28.65,,1
0,0,1658513400,28.67,,1
0,0,1658513700,28.5,,1
0,0,1658514000,28.33,,1
0,0,1658514300,28.4,,1
0,0,1658514600,28.4,,1
0,0,1658514900,28.23,,1
0,0,1658515200,28.31,,1
0,0,1658515500,28.07,,1
0,0,1658515800,28.09,,1
0,0,1658516100,28.18,,1
0,0,1658516400,27.88,,1
0,0,1658516700,27.45,,1
0,0,1658517000,27.29,,1
0,0,1658517300,26.99,,1
0,0,1658517600,26.79,,1
0,0,1658517900,26.35,,1
0,0,1658518200,26.1,,1
0,0,1658518500,26,,1
0,0,1658518800,25.77,,1
0,0,1658519100,25.48,,1
0,0,1658519400,25.54,,1
0,0,1658519700,25.71,,1
0,0,1658520000,25.6,,1
0,0,1658520300,25.41,,1
0,0,1658520600,25.4,,1
0,0,1658520900,25.45,,1
0,0,1658521200,25.67,,1
0,0,1658521500,25.53,,1
0,0,1658521800,25.72,,1
0,0,1658522100,25.43,,1
0,0,1658522400,25.41,,1
0,0,1658522700,25.39,,1
0,0,1658523000,25.47,,1
0,0,1658523300,25.28,,1
0,0,1658523600,25.28,,1
0,0,1658523900,25.18,,1
0,0,1658524200,25.25,,1
0,0,1658524500,24.98,,1
0,0,1658524800,25.01,,1
0,0,1658525100,24.76,,1
0,0,1658525400,24.66,,1
0,0,1658525700,24.6,,1
0,0,1658526000,24.44,,1
0,0,1658526300,24.34,,1
0,0,1658526600,24.32,,1
0,0,1658526900,24.32,,1
0,0,1658527200,24.36,,1
0,0,1658527500,24.43,,1
0,0,1658527800,24.34,,1
0,0,1658528100,24.34,,1
0,0,1658528400,24.32,,1
0,0,1658528700,24.35,,1
0,0,1658529000,24.26,,1
0,0,1658529300,24.07,,1
0,0,1658529600,24.16,,1
0,0,1658529900,24.17,,1
0,0,1658530200,24.25,,1
0,0,1658530500,24.25,,1
0,0,1658530800,24.22,,1
0,0,1658531100,24.29,,1
0,0,1658531400,24.3,,1
0,0,1658531700,24.11,,1
0,0,1658532000,24.14,,1
0,0,1658532300,23.98,,1
0,0,1658532600,23.8,,1
0,0,1658532900,23.87,,1
0,0,1658533200,23.69,,1
0,0,1658533500,23.67,,1
0,0,1658533800,23.64,,1
0,0,1658534100,23.36,,1
0,0,1658534400,23.28,,1
0,0,1658534700,23.27,,1
0,0,1658535000,23.28,,1
0,0,1658535300,23.07,,1
0,0,1658535600,23.11,,1
0,0,1658535900,23.31,,1
0,0,1658536200,23.09,,1
0,0,1658536500,22.99,,1
0,0,1658536800,22.95,,1
0,0,1658537100,23.03,,1
0,0,1658537400,23.06,,1
0,0,1658537700,23.06,,1
0,0,1658538000,23.02,,1
0,0,1658538300,23.11,,1
0,0,1658538600,23.19,,1
0,0,1658538900,23.29,,1
0,0,1658539200,23.03,,1
0,0,1658539500,23.24,,1
0,0,1658539800,23.08,,1
0,0,1658540100,23.23,,1
0,0,1658540400,23.12,,1
0,0,1658540700,22.99,,1
0,0,1658541000,23.02,,1
0,0,1658541300,22.99,,1
0,0,1658541600,22.87,,1
0,0,1658541900,22.85,,1
0,0,1658542200,22.86,,1
0,0,1658542500,22.88,,1
0,0,1658542800,22.79,,1
0,0,1658543100,22.78,,1
0,0,1658543400,22.88,,1
0,0,1658543700,22.86,,1
0,0,1658544000,22.73,,1
0,0,1658544300,22.63,,1
0,0,1658544600,22.58,,1
0,0,1658544900,22.54,,1
0,0,1658545200,22.6,,1
0,0,1658545500,22.66,,1
0,0,1658545800,22.79,,1
0,0,1658546100,22.86,,1
0,0,1658546400,23,,1
0,0,1658546700,23.15,,1
0,0,1658547000,23.3,,1
0,0,1658547300,23.33,,1
0,0,1658547600,23.3,,1
0,0,1658547900,23.33,,1
0,0,1658548200,23.41,,1
0,0,1658548500,23.44,,1
0,0,1658548800,23.6,,1
0,0,1658549100,23.58,,1
0,0,1658549400,23.45,,1
0,0,1658549700,23.57,,1
0,0,1658550000,23.75,,1
0,0,1658550300,23.86,,1
0,0,1658550600,24,,1
0,0,1658550900,24.41,,1
0,0,1658551200,24.66,,1
0,0,1658551500,25.14,,1
0,0,1658551800,25.32,,1
0,0,1658552100,25.34,,1
0,0,1658552400,25.59,,1
0,0,1658552700,25.86,,1
0,0,1658553000,25.96,,1
0,0,1658553300,25.92,,1
0,0,1658553600,25.85,,1
0,0,1658553900,25.97,,1
0,0,1658554200,25.89,,1
0,0,1658554500,26.16,,1
0,0,1658554800,26.37,,1
0,0,1658555100,26.43,,1
0,0,1658555400,26.48,,1
0,0,1658555700,26.66,,1
0,0,1658556000,27.06,,1
0,0,1658556300,27.05,,1
0,0,1658556600,27,,1
0,0,1658556900,27.13,,1
0,0,1658557200,26.91,,1
0,0,1658557500,27.17,,1
0,0,1658557800,27.18,,1
0,0,1658558100,27.28,,1
0,0,1658558400,27.11,,1
0,0,1658558700,27.09,,1
0,0,1658559000,27.1,,1
0,0,1658559300,26.86,,1
0,0,1658559600,26.62,,1
0,0,1658559900,26.75,,1
0,0,1658560200,26.62,,1
0,0,1658560500,26.51,,1
0,0,1658560800,26.75,,1
0,0,1658561100,26.68,,1
0,0,1658561400,26.79,,1
0,0,1658561700,26.85,,1
0,0,1658562000,26.96,,1
0,0,1658562300,27.06,,1
0,0,1658562600,27.29,,1
0,0,1658562900,27.36,,1
0,0,1658563200,27.33,,1
0,0,1658563500,27.43,,1
0,0,1658563800,27.41,,1
0,0,1658564100,27.27,,1
0,0,1658564400,27.44,,1
0,0,1658564700,27.55,,1
0,0,1658565000,27.4,,1
0,0,1658565300,27.35,,1
0,0,1658565600,27.58,,1
0,0,1658565900,27.45,,1
0,0,1658566200,27.44,,1
0,0,1658566500,27.54,,1
0,0,1658566800,27.66,,1
0,0,1658567100,27.39,,1
0,0,1658567400,27.35,,1
0,0,1658567700,27.23,,1
0,0,1658568000,27.31,,1
0,0,1658568300,27.61,,1
0,0,1658568600,27.57,,1
0,0,1658568900,27.41,,1
0,0,1658569200,27.7,,1
0,0,1658569500,27.71,,1
0,0,1658569800,28.27,,1
0,0,1658570100,28.51,,1
0,0,1658570400,28.71,,1
0,0,1658570700,29.1,,1
0,0,1658571000,29.03,,1
0,0,1658571300,29.24,,1
0,0,1658571600,29.21,,1
0,0,1658571900,29.06,,1
0,0,1658572200,29.2,,1
0,0,1658572500,29.23,,1
0,0,1658572800,29.33,,1
0,0,1658573100,29.35,,1
0,0,1658573400,29.2,,1
0,0,1658573700,29.32,,1
0,0,1658574000,29.38,,1
0,0,1658574300,29.66,,1
0,0,1658574600,29.89,,1
0,1,1658574900,30.12,,1
0,1,1658575200,30.24,,1
0,1,1658575500,30.23,,1
0,1,1658575800,30.48,,1
0,1,1658576100,30.39,,1
0,1,1658576400,30.37,,1
0,1,1658576700,30.23,,1
0,1,1658577000,30.29,,1
0,1,1658577300,30.49,,1
0,1,1658577600,30.55,,1
0,1,1658577900,30.82,,1
0,1,1658578200,30.9,,1
0,1,1658578500,31.05,,1
0,1,1658578800,31.19,,1
0,1,1658579100,30.88,,1
0,1,1658579400,30.85,,1
0,1,1658579700,30.53,,1
0,1,1658580000,30.28,,1
0,1,1658580300,30.84,,1
0,1,1658580600,30.74,,1
0,1,1658580900,30.68,,1
0,1,1658581200,30.6,,1
0,1,1658581500,30.62,,1
0,1,1658581800,30.8,,1
0,1,1658582100,30.75,,1
0,1,1658582400,30.73,,1
0,1,1658582700,30.74,,1
0,1,1658583000,31.22,,1
0,1,1658583300,31.28,,1
0,1,1658583600,31.38,,1
0,1,1658583900,31.27,,1
0,1,1658584200,31.21,,1
0,1,1658584500,31.08,,1
0,1,1658584800,30.66,,1
0,1,1658585100,30.62,,1
0,1,1658585400,30.21,,1
0,0,1658585700,29.83,,1
0,1,1658586000,30.12,,1
0,1,1658586300,30.05,,1
0,0,1658586600,29.73,,1
0,0,1658586900,29.43,,1
0,0,1658587200,29.22,,1
0,0,1658587500,29.43,,1
0,0,1658587800,29.31,,1
0,0,1658588100,29.1,,1
0,0,1658588400,29.12,,1
0,0,1658588700,29.07,,1
0,0,1658589000,28.71,,1
0,0,1658589300,28.92,,1
0,0,1658589600,28.7,,1
0,0,1658589900,28.78,,1
0,0,1658590200,28.83,,1
0,0,1658590500,28.56,,1
0,0,1658590800,28.71,,1
0,0,1658591100,28.79,,1
0,0,1658591400,28.47,,1
0,0,1658591700,28.55,,1
0,0,1658592000,28.51,,1
0,0,1658592300,28.25,,1
0,0,1658592600,28.26,,1
0,0,1658592900,27.94,,1
0,0,1658593200,28,,1
0,0,1658593500,27.95,,1
0,0,1658593800,27.88,,1
0,0,1658594100,27.62,,1
0,0,1658594400,27.51,,1
0,0,1658594700,27.58,,1
0,0,1658595000,27.3,,1
0,0,1658595300,27.24,,1
0,0,1658595600,27.08,,1
0,0,1658595900,27.03,,1
0,0,1658596200,27.07,,1
0,0,1658596500,26.75,,1
0,0,1658596800,26.9,,1
0,0,1658597100,26.78,,1
0,0,1658597400,26.72,,1
0,0,1658597700,26.62,,1
0,0,1658598000,26.42,,1
0,0,1658598300,26.46,,1
0,0,1658598600,26.29,,1
0,0,1658598900,26.36,,1
0,0,1658599200,26.08,,1
0,0,1658599500,26.06,,1
0,0,1658599800,26.17,,1
0,0,1658600100,26.04,,1
0,0,1658600400,26,,1
0,0,1658600700,26.03,,1
0,0,1658601000,25.9,,1
0,0,1658601300,25.92,,1
0,0,1658601600,25.95,,1
0,0,1658601900,25.82,,1
0,0,1658602200,25.76,,1
0,0,1658602500,25.66,,1
0,0,1658602800,25.58,,1
0,0,1658603100,25.63,,1
0,0,1658603400,25.56,,1
0,0,1658603700,25.47,,1
0,0,1658604000,25.45,,1
0,0,1658604300,25.25,,1
0,0,1658604600,25.45,,1
0,0,1658604900,25.2,,1
0,0,1658605200,25.2,,1
0,0,1658605500,25.4,,1
0,0,1658605800,25.13,,1
0,0,1658606100,25.21,,1
0,0,1658606400,24.95,,1
0,0,1658606700,25.07,,1
0,0,1658607000,24.79,,1
0,0,1658607300,24.81,,1
0,0,1658607600,24.86,,1
0,0,1658607900,24.84,,1
0,0,1658608200,24.71,,1
0,0,1658608500,24.71,,1
0,0,1658608800,24.45,,1
0,0,1658609100,24.69,,1
0,0,1658609400,24.52,,1
0,0,1658609700,24.45,,1
0,0,1658610000,24.47,,1
0,0,1658610300,24.43,,1
0,0,1658610600,24.37,,1
0,0,1658610900,24.26,,1
0,0,1658611200,24.23,,1
0,0,1658611500,24.13,,1
0,0,1658611800,24.25,,1
0,0,1658612100,24.21,,1
0,0,1658612400,24.11,,1
0,0,1658612700,23.91,,1
0,0,1658613000,24.05,,1
0,0,1658613300,23.99,,1
0,0,1658613600,23.83,,1
0,0,1658613900,23.75,,1
0,0,1658614200,23.81,,1
0,0,1658614500,23.5,,1
0,0,1658614800,23.46,,1
0,0,1658615100,23.49,,1
0,0,1658615400,23.37,,1
0,0,1658615700,23.31,,1
0,0,1658616000,23.38,,1
0,0,1658616300,23.43,,1
0,0,1658616600,23.27,,1
0,0,1658616900,23.35,,1
0,0,1658617200,23.39,,1
0,0,1658617500,23.45,,1
0,0,1658617800,23.36,,1
0,0,1658618100,23.49,,1
0,0,1658618400,23.28,,1
0,0,1658618700,23.34,,1
0,0,1658619000,23.3,,1
0,0,1658619300,23.23,,1
0,0,1658619600,23.28,,1
0,0,1658619900,23.21,,1
0,0,1658620200,22.99,,1
0,0,1658620500,23.02,,1
0,0,1658620800,23.07,,1
0,0,1658621100,23.15,,1
0,0,1658621400,23.01,,1
0,0,1658621700,23.04,,1
0,0,1658622000,23.09,,1
0,0,1658622300,23.05,,1
0,0,1658622600,22.98,,1
0,0,1658622900,23.19,,1
0,0,1658623200,22.84,,1
0,0,1658623500,23.01,,1
0,0,1658623800,22.85,,1
0,0,1658624100,22.69,,1
0,0,1658624400,22.82,,1
0,0,1658624700,22.64,,1
0,0,1658625000,22.55,,1
0,0,1658625300,22.57,,1
0,0,1658625600,22.33,,1
0,0,1658625900,22.35,,1
0,0,1658626200,22.34,,1
0,0,1658626500,22.29,,1
0,0,1658626800,22.23,,1
0,0,1658627100,22.21,,1
0,0,1658627400,22.27,,1
0,0,1658627700,22.25,,1
0,0,1658628000,22.11,,1
0,0,1658628300,22.04,,1
0,0,1658628600,22,,1
0,0,1658628900,21.96,,1
0,0,1658629200,21.86,,1
0,0,1658629500,21.93,,1
0,0,1658629800,22.06,,1
0,0,1658630100,21.93,,1
0,0,1658630400,22.01,,1
0,0,1658630700,22,,1
0,0,1658631000,22.04,,1
0,0,1658631300,22.26,,1
0,0,1658631600,22.5,,1
0,0,1658631900,22.55,,1
0,0,1658632200,22.68,,1
0,0,1658632500,23.13,,1
0,0,1658632800,23.21,,1
0,0,1658633100,23.27,,1
0,0,1658633400,23.56,,1
0,0,1658633700,23.65,,1
0,0,1658634000,23.94,,1
0,0,1658634300,24.1,,1
0,0,1658634600,24.43,,1
0,0,1658634900,24.61,,1
0,0,1658635200,24.68,,1
0,0,1658635500,24.56,,1
0,0,1658635800,24.78,,1
0,0,1658636100,25.02,,1
0,0,1658636400,25.2,,1
0,0,1658636700,25.48,,1
0,0,1658637000,25.67,,1
0,0,1658637300,26.18,,1
0,0,1658637600,26.42,,1
0,0,1658637900,26.74,,1
0,0,1658638200,26.97,,1
0,0,1658638500,27.1,,1
0,0,1658638800,26.95,,1
0,0,1658639100,27.28,,1
0,0,1658639400,27.28,,1
0,0,1658639700,27.17,,1
0,0,1658640000,27.01,,1
0,0,1658640300,27.38,,1
0,0,1658640600,27.02,,1
0,0,1658640900,27.04,,1
0,0,1658641200,26.99,,1
0,0,1658641500,26.83,,1
0,0,1658641800,26.71,,1
0,0,1658642100,26.69,,1
0,0,1658642400,26.16,,1
0,0,1658642700,26.14,,1
0,0,1658643000,26.31,,1
0,0,1658643300,26.11,,1
0,0,1658643600,26.17,,1
0,0,1658643900,25.93,,1
0,0,1658644200,25.82,,1
0,0,1658644500,25.83,,1
0,0,1658644800,25.79,,1
0,0,1658645100,25.47,,1
0,0,1658645400,25.41,,1
0,0,1658645700,25.49,,1
0,0,1658646000,25.38,,1
0,0,1658646300,25.45,,1
0,0,1658646600,25.35,,1
0,0,1658646900,25.41,,1
0,0,1658647200,25.41,,1
0,0,1658647500,25.5,,1
0,0,1658647800,25.65,,1
0,0,1658648100,25.59,,1
0,0,1658648400,25.6,,1
0,0,1658648700,25.68,,1
0,0,1658649000,25.88,,1
0,0,1658649300,25.75,,1
0,0,1658649600,26.1,,1
0,0,1658649900,26.15,,1
0,0,1658650200,26.24,,1
0,0,1658650500,26.42,,1
0,0,1658650800,26.38,,1
0,0,1658651100,26.71,,1
0,0,1658651400,26.88,,1
0,0,1658651700,27.08,,1
0,0,1658652000,27.04,,1
0,0,1658652300,27.32,,1
0,0,1658652600,27.54,,1
0,0,1658652900,27.66,,1
0,0,1658653200,27.88,,1
0,0,1658653500,28.05,,1
0,0,1658653800,28.2,,1
0,0,1658654100,28.44,,1
0,0,1658654400,28.34,,1
0,0,1658654700,28.65,,1
0,0,1658655000,29.09,,1
0,0,1658655300,29.16,,1
0,0,1658655600,29.4,,1
0,0,1658655900,29.36,,1
0,0,1658656200,29.69,,1
0,0,1658656500,29.6,,1
0,0,1658656800,29.95,,1
0,1,1658657100,30.09,,1
0,1,1658657400,30.3,,1
0,1,1658657700,30.4,,1
0,1,1658658000,30.66,,1
0,1,1658658300,30.46,,1
0,1,1658658600,30.92,,1
0,1,1658658900,30.93,,1
0,1,1658659200,30.92,,1
0,1,1658659500,31.11,,1
0,1,1658659800,31.62,,1
0,1,1658660100,31.43,,1
0,1,1658660400,31.85,,1
0,1,1658660700,31.86,,1
0,1,1658661000,31.86,,1
0,1,1658661300,31.81,,1
0,1,1658661600,32.08,,1
0,1,1658661900,32.11,,1
0,1,1658662200,32.29,,1
0,1,1658662500,32.5,,1
0,1,1658662800,32.58,,1
0,1,1658663100,32.69,,1
0,1,1658663400,32.83,,1
0,1,1658663700,32.98,,1
0,1,1658664000,33.19,,1
0,1,1658664300,33.21,,1
0,1,1658664600,33.1,,1
0,1,1658664900,33.15,,1
0,1,1658665200,33.03,,1
0,1,1658665500,33.23,,1
0,1,1658665800,33.16,,1
0,1,1658666100,33.54,,1
0,1,1658666400,33.35,,1
0,1,1658666700,33.25,,1
0,1,1658667000,33.4,,1
0,1,1658667300,33.63,,1
0,1,1658667600,33.59,,1
0,1,1658667900,33.77,,1
0,1,1658668200,33.82,,1
0,1,1658668500,33.69,,1
0,1,1658668800,33.82,,1
0,1,1658669100,34.14,,1
0,1,1658669400,34.03,,1
0,1,1658669700,34.15,,1
0,1,1658670000,34.1,,1
0,1,1658670300,34.42,,1
0,1,1658670600,34.2,,1
0,1,1658670900,34.21,,1
0,1,1658671200,33.98,,1
0,1,1658671500,34.15,,1
0,1,1658671800,34.12,,1
0,1,1658672100,33.83,,1
0,1,1658672400,33.96,,1
0,1,1658672700,33.95,,1
0,1,1658673000,33.9,,1
0,1,1658673300,34.07,,1
0,1,1658673600,34.12,,1
0,1,1658673900,34.06,,1
0,1,1658674200,33.78,,1
0,1,1658674500,33.55,,1
0,1,1658674800,33.49,,1
0,1,1658675100,33.21,,1
0,1,1658675400,33.22,,1
0,1,1658675700,33.27,,1
0,1,1658676000,32.82,,1
0,1,1658676300,32.59,,1
0,1,1658676600,32.3,,1
0,1,1658676900,32.14,,1
0,1,1658677200,31.93,,1
0,1,1658677500,31.81,,1
0,1,1658677800,31.58,,1
0,1,1658678100,31.35,,1
0,1,1658678400,31.05,,1
0,1,1658678700,31.1,,1
0,1,1658679000,30.83,,1
0,1,1658679300,30.45,,1
0,1,1658679600,30.43,,1
0,1,1658679900,30.24,,1
0,1,1658680200,30.21,,1
0,1,1658680500,30.16,,1
0,0,1658680800,29.86,,1
0,0,1658681100,29.98,,1
0,0,1658681400,29.86,,1
0,0,1658681700,29.38,,1
0,0,1658682000,28.77,,1
0,0,1658682300,28.69,,1
0,0,1658682600,28.42,,1
0,0,1658682900,28.2,,1
0,0,1658683200,27.99,,1
0,0,1658683500,27.8,,1
0,0,1658683800,27.61,,1
0,0,1658684100,27.53,,1
0,0,1658684400,27.52,,1
0,0,1658684700,27.47,,1
0,0,1658685000,27.21,,1
0,0,1658685300,27.29,,1
0,0,1658685600,27.09,,1
0,0,1658685900,26.76,,1
0,0,1658686200,26.78,,1
0,0,1658686500,26.75,,1
0,0,1658686800,26.47,,1
0,0,1658687100,26.54,,1
0,0,1658687400,26.47,,1
0,0,1658687700,26.45,,1
0,0,1658688000,26.35,,1
0,0,1658688300,26.31,,1
0,0,1658688600,26.34,,1
0,0,1658688900,26.23,,1
0,0,1658689200,26.18,,1
0,0,1658689500,25.89,,1
0,0,1658689800,26.07,,1
0,0,1658690100,26.03,,1
0,0,1658690400,25.97,,1
0,0,1658690700,25.46,,1
0,0,1658691000,25.49,,1
0,0,1658691300,25.57,,1
0,0,1658691600,25.55,,1
0,0,1658691900,25.45,,1
0,0,1658692200,25.53,,1
0,0,1658692500,25.43,,1
0,0,1658692800,25.47,,1
0,0,1658693100,25.38,,1
0,0,1658693400,25.29,,1
0,0,1658693700,25.35,,1
0,0,1658694000,25.19,,1
0,0,1658694300,25.01,,1
0,0,1658694600,25.16,,1
0,0,1658694900,25.27,,1
0,0,1658695200,24.85,,1
0,0,1658695500,24.92,,1
0,0,1658695800,25.02,,1
0,0,1658696100,24.93,,1
0,0,1658696400,24.74,,1
0,0,1658696700,24.64,,1
0,0,1658697000,24.57,,1
0,0,1658697300,24.82,,1
0,0,1658697600,24.77,,1
0,0,1658697900,24.46,,1
0,0,1658698200,24.58,,1
0,0,1658698500,24.46,,1
0,0,1658698800,24.3,,1
0,0,1658699100,24.24,,1
0,0,1658699400,24.21,,1
0,0,1658699700,24.2,,1
0,0,1658700000,24.12,,1