system:index;ST;ST_unc;coverage;sensor;system:time_start;time_gmt1
1_1_2_LE07_196028_20020129;3.29429372;5.79;1.003420798;LANDSAT_7;1.01E+12;2002-01-29T09:11:51
1_1_1_2_LT05_195028_20020130;3.67369394;2.33;0.957916217;LANDSAT_5;1.01E+12;2002-01-30T08:55:48
1_1_2_LE07_195028_20020207;6.22353686;2.86;0.957916217;LANDSAT_7;1.01E+12;2002-02-07T09:05:47
1_1_1_2_LT05_196028_20020310;8.06243162;2.34;1.003420798;LANDSAT_5;1.02E+12;2002-03-10T09:01:11
1_1_2_LE07_195028_20020311;7.101968;2.26;0.957916217;LANDSAT_7;1.02E+12;2002-03-11T09:05:49
1_1_2_LE07_195028_20020327;7.23185276;4.88;0.957916217;LANDSAT_7;1.02E+12;2002-03-27T09:05:43
1_1_2_LE07_195028_20020514;12.46142336;1.91;0.957916217;LANDSAT_7;1.02E+12;2002-05-14T09:05:37
1_1_2_LE07_196028_20020521;18.381434;2.01;1.003420798;LANDSAT_7;1.02E+12;2002-05-21T09:11:47
1_1_2_LE07_195028_20020530;16.65875192;2.18;0.957916217;LANDSAT_7;1.02E+12;2002-05-30T09:05:31
1_1_1_2_LT05_196028_20020614;21.53626646;2.53;1.003420798;LANDSAT_5;1.02E+12;2002-06-14T08:59:19
1_1_2_LE07_195028_20020615;21.74134766;2.14;0.957916217;LANDSAT_7;1.02E+12;2002-06-15T09:05:25
1_1_2_LE07_196028_20020622;25.80537344;2.79;1.003420798;LANDSAT_7;1.02E+12;2002-06-22T09:11:33
1_1_2_LE07_195028_20020701;22.33950116;1.77;0.957916217;LANDSAT_7;1.03E+12;2002-07-01T09:05:20
1_1_2_LE07_196028_20020708;22.35317324;2;1.003420798;LANDSAT_7;1.03E+12;2002-07-08T09:11:30
1_1_2_LE07_195028_20020818;19.92296102;3.49;0.957916217;LANDSAT_7;1.03E+12;2002-08-18T09:05:03
1_1_2_LE07_195028_20021005;15.38724848;2.15;0.957916217;LANDSAT_7;1.03E+12;2002-10-05T09:04:37
1_1_2_LE07_196028_20021028;11.67527876;2.17;1.003420798;LANDSAT_7;1.04E+12;2002-10-28T09:10:52
1_1_2_LE07_196028_20030201;5.28016334;2.69;1.003420798;LANDSAT_7;1.04E+12;2003-02-01T09:11:38
1_1_2_LE07_196028_20030217;4.23424922;2.63;1.003420798;LANDSAT_7;1.05E+12;2003-02-17T09:11:45
1_1_2_LE07_195028_20030226;2.69955824;2.24;0.957916217;LANDSAT_7;1.05E+12;2003-02-26T09:05:33
1_1_2_LE07_196028_20030305;3.14731886;2.22;1.003420798;LANDSAT_7;1.05E+12;2003-03-05T09:11:48
1_1_2_LE07_195028_20030314;6.08339804;2.19;0.957916217;LANDSAT_7;1.05E+12;2003-03-14T09:05:38
1_1_2_LE07_195028_20030330;8.56146254;2.23;0.957916217;LANDSAT_7;1.05E+12;2003-03-30T09:05:36
1_1_2_LE07_196028_20030406;8.25384074;2.2;1.003420798;LANDSAT_7;1.05E+12;2003-04-06T09:11:50
1_1_2_LE07_195028_20030415;4.44274844;5.08;0.957916217;LANDSAT_7;1.05E+12;2003-04-15T09:05:39
1_1_2_LE07_196028_20030422;12.40331702;2.16;1.003420798;LANDSAT_7;1.05E+12;2003-04-22T09:11:48
1_1_2_LE07_195028_20030501;10.93356842;2.93;0.957916217;LANDSAT_7;1.05E+12;2003-05-01T09:05:40
1_1_1_2_LT05_195028_20030626;24.97137656;3.02;0.957916217;LANDSAT_5;1.06E+12;2003-06-26T08:52:58
1_1_1_2_LT05_196028_20030719;24.59539436;2.27;1.003420798;LANDSAT_5;1.06E+12;2003-07-19T08:59:33
1_1_1_2_LT05_196028_20030804;25.68232472;2.63;1.003420798;LANDSAT_5;1.06E+12;2003-08-04T08:59:52
1_1_2_LE07_196028_20030812;25.90791404;2.11;1.003420798;LANDSAT_7;1.06E+12;2003-08-12T09:11:29
1_1_1_2_LT05_195028_20030813;25.4909156;2.35;0.957916217;LANDSAT_5;1.06E+12;2003-08-13T08:53:49
1_1_1_2_LT05_195028_20030914;17.70466604;2.54;0.957916217;LANDSAT_5;1.06E+12;2003-09-14T08:54:24
1_1_1_2_LT05_196028_20030921;19.69053566;3.71;1.003420798;LANDSAT_5;1.06E+12;2003-09-21T09:00:41
1_1_1_2_LT05_195028_20030930;14.41311278;2.32;0.957916217;LANDSAT_5;1.06E+12;2003-09-30T08:54:35
1_1_2_LE07_195028_20031211;7.2386888;2.18;0.957916217;LANDSAT_7;1.07E+12;2003-12-11T09:05:39
1_1_2_LE07_196028_20031218;7.18058246;4.84;1.003420798;LANDSAT_7;1.07E+12;2003-12-18T09:11:53
1_1_2_LE07_196028_20040204;4.22057714;2.83;1.003420798;LANDSAT_7;1.08E+12;2004-02-04T09:12:10
1_1_2_LE07_195028_20040316;7.04727968;2.08;0.957916217;LANDSAT_7;1.08E+12;2004-03-16T09:06:10
1_1_1_2_LT05_195028_20040511;11.18991992;3.89;0.957916217;LANDSAT_5;1.08E+12;2004-05-11T08:57:21
1_1_1_2_LT05_196028_20040518;14.3310803;2.54;1.003420798;LANDSAT_5;1.08E+12;2004-05-18T09:03:43
1_1_2_LE07_195028_20040519;15.08988074;2.14;0.957916217;LANDSAT_7;1.08E+12;2004-05-19T09:06:05
1_1_2_LE07_196028_20040526;13.6987466;3.41;1.003420798;LANDSAT_7;1.09E+12;2004-05-26T09:12:14
1_1_1_2_LT05_195028_20040714;18.1079924;2.32;0.957916217;LANDSAT_5;1.09E+12;2004-07-14T08:59:11
1_1_2_LE07_195028_20040722;23.26236656;2.22;0.957916217;LANDSAT_7;1.09E+12;2004-07-22T09:05:50
1_1_2_LE07_196028_20040729;20.79455612;2.24;0.844904936;LANDSAT_7;1.09E+12;2004-07-29T09:11:56
1_1_1_2_LT05_195028_20040730;22.40786156;2.7;0.957916217;LANDSAT_5;1.09E+12;2004-07-30T08:59:33
1_1_1_2_LT05_196028_20040907;22.59243464;2.68;1.003420798;LANDSAT_5;1.09E+12;2004-09-07T09:06:43
1_1_1_2_LT05_195028_20040916;19.60850318;2.62;0.957916217;LANDSAT_5;1.10E+12;2004-09-16T09:00:46
1_1_2_LE07_195028_20050130;4.2991916;3.05;0.957916217;LANDSAT_7;1.11E+12;2005-01-30T09:06:21
1_1_2_LE07_196028_20050206;2.55258338;6.14;1.003420798;LANDSAT_7;1.11E+12;2005-02-06T09:12:36
1_1_1_2_LT05_195028_20050207;4.76404232;2.39;0.957916217;LANDSAT_5;1.11E+12;2005-02-07T09:03:18
1_1_1_2_LT05_196028_20050302;5.07166412;2.42;1.003420798;LANDSAT_5;1.11E+12;2005-03-02T09:09:52
1_1_2_LE07_195028_20050303;4.70251796;3.82;0.957916217;LANDSAT_7;1.11E+12;2005-03-03T09:06:35
1_1_1_2_LT05_195028_20050311;6.27480716;2.39;0.957916217;LANDSAT_5;1.11E+12;2005-03-11T09:03:49
1_1_1_2_LT05_196028_20050318;7.785572;2.41;1.003420798;LANDSAT_5;1.11E+12;2005-03-18T09:10:04
1_1_2_LE07_195028_20050404;10.99509278;2.88;0.957916217;LANDSAT_7;1.11E+12;2005-04-04T09:06:32
1_1_2_LE07_196028_20050529;23.48453786;2.38;1.003420798;LANDSAT_7;1.12E+12;2005-05-29T09:12:39
1_1_1_2_LT05_195028_20050615;16.18706516;2.43;0.957916217;LANDSAT_5;1.12E+12;2005-06-15T09:04:26
1_1_1_2_LT05_196028_20050622;23.43326756;4.03;1.003420798;LANDSAT_5;1.12E+12;2005-06-22T09:10:39
1_1_2_LE07_195028_20050623;22.42495166;2.58;0.907094276;LANDSAT_7;1.12E+12;2005-06-23T09:06:19
1_1_2_LE07_196028_20050630;23.61784064;2.72;1.003420798;LANDSAT_7;1.12E+12;2005-06-30T09:12:29
1_1_2_LE07_196028_20050716;20.95862108;2.29;1.003420798;LANDSAT_7;1.12E+12;2005-07-16T09:12:30
1_1_2_LE07_196028_20050801;23.03677724;2.23;1.003420798;LANDSAT_7;1.12E+12;2005-08-01T09:12:28
1_1_1_2_LT05_196028_20050809;21.92250272;2.21;1.003420798;LANDSAT_5;1.12E+12;2005-08-09T09:11:05
1_1_2_LE07_196028_20050902;21.47132408;2.79;1.003420798;LANDSAT_7;1.13E+12;2005-09-02T09:12:16
1_1_1_2_LT05_196028_20050926;17.90974724;2.86;1.003420798;LANDSAT_5;1.13E+12;2005-09-26T09:11:10
1_1_2_LE07_196028_20051121;10.2978167;2.98;1.003420798;LANDSAT_7;1.13E+12;2005-11-21T09:12:37
1_1_1_2_LT05_195028_20051122;9.94917866;2.87;0.957916217;LANDSAT_5;1.13E+12;2005-11-22T09:05:29
1_1_1_2_LT05_195028_20060210;4.34704388;2.75;0.957916217;LANDSAT_5;1.14E+12;2006-02-10T09:07:19
1_1_2_LE07_195028_20060407;7.03018958;2.17;0.957916217;LANDSAT_7;1.14E+12;2006-04-07T09:06:57
1_1_2_LE07_196028_20060414;8.12395598;4.82;1.003420798;LANDSAT_7;1.15E+12;2006-04-14T09:13:06
1_1_1_2_LT05_196028_20060422;13.59278798;3.89;1.003420798;LANDSAT_5;1.15E+12;2006-04-22T09:14:53
1_1_2_LE07_196028_20060430;10.93698644;2.22;1.003420798;LANDSAT_7;1.15E+12;2006-04-30T09:13:07
1_1_1_2_LT05_196028_20060524;14.37209654;2.33;1.003420798;LANDSAT_5;1.15E+12;2006-05-24T09:15:17
1_1_1_2_LT05_196028_20060609;13.99953236;2.34;1.003420798;LANDSAT_5;1.15E+12;2006-06-09T09:15:34
1_1_2_LE07_195028_20060610;12.8955119;1.49;0.957916217;LANDSAT_7;1.15E+12;2006-06-10T09:06:55
1_1_2_LE07_195028_20060626;22.60610672;2.46;0.957916217;LANDSAT_7;1.15E+12;2006-06-26T09:06:50
1_1_2_LE07_196028_20060703;22.47963998;2.72;1.003420798;LANDSAT_7;1.15E+12;2006-07-03T09:12:58
1_1_1_2_LT05_196028_20060711;24.2091581;2.76;1.003420798;LANDSAT_5;1.15E+12;2006-07-11T09:16:05
1_1_2_LE07_195028_20060712;26.55733784;2.83;0.853192282;LANDSAT_7;1.15E+12;2006-07-12T09:06:43
1_1_2_LE07_196028_20060719;25.2516542;2.25;1.003420798;LANDSAT_7;1.15E+12;2006-07-19T09:12:50
1_1_1_2_LT05_195028_20060720;26.83761548;2.7;0.957916217;LANDSAT_5;1.15E+12;2006-07-20T09:10:01
1_1_1_2_LT05_196028_20060727;25.17303974;2.85;1.003420798;LANDSAT_5;1.15E+12;2006-07-27T09:16:17
1_1_2_LE07_196028_20060820;18.80526848;3.86;1.003420798;LANDSAT_7;1.16E+12;2006-08-20T09:12:44
1_1_1_2_LT05_195028_20060821;19.17099662;2.55;0.957916217;LANDSAT_5;1.16E+12;2006-08-21T09:10:23
1_1_1_2_LT05_195028_20060906;18.89071898;3.4;0.957916217;LANDSAT_5;1.16E+12;2006-09-06T09:10:35
1_1_1_2_LT05_196028_20060929;18.53866292;2.46;1.003420798;LANDSAT_5;1.16E+12;2006-09-29T09:17:02
1_1_1_2_LT05_196028_20061015;15.85893524;2.44;1.003420798;LANDSAT_5;1.16E+12;2006-10-15T09:17:13
1_1_1_2_LT05_196028_20061218;8.0077433;3.67;1.003420798;LANDSAT_5;1.17E+12;2006-12-18T09:17:46
1_1_1_2_LT05_196028_20070220;5.15711462;3.51;1.003420798;LANDSAT_5;1.17E+12;2007-02-20T09:18:04
1_1_2_LE07_196028_20070316;8.12053796;2.06;1.003420798;LANDSAT_7;1.17E+12;2007-03-16T09:13:36
1_1_2_LE07_195028_20070410;11.96581046;1.92;0.957916217;LANDSAT_7;1.18E+12;2007-04-10T09:07:25
1_1_2_LE07_196028_20070417;15.32572412;3.67;1.003420798;LANDSAT_7;1.18E+12;2007-04-17T09:13:35
1_1_1_2_LT05_196028_20070628;17.11334858;2.32;1.003420798;LANDSAT_5;1.18E+12;2007-06-28T09:16:53
1_1_2_LE07_195028_20070715;21.06116168;2.16;0.957916217;LANDSAT_7;1.18E+12;2007-07-15T09:07:06
1_1_2_LE07_195028_20070731;18.77108828;1.8;0.957916217;LANDSAT_7;1.19E+12;2007-07-31T09:07:02
1_1_1_2_LT05_195028_20070824;19.70762576;2.58;0.957916217;LANDSAT_5;1.19E+12;2007-08-24T09:10:09
1_1_1_2_LT05_196028_20070831;19.4581103;2.21;1.003420798;LANDSAT_5;1.19E+12;2007-08-31T09:16:15
1_1_2_LE07_196028_20070908;17.88923912;2.6;1.003420798;LANDSAT_7;1.19E+12;2007-09-08T09:12:56
1_1_1_2_LT05_196028_20070916;18.4327043;2.5;1.003420798;LANDSAT_5;1.19E+12;2007-09-16T09:16:09
1_1_2_LE07_196028_20070924;17.90632922;2.34;0.844904936;LANDSAT_7;1.19E+12;2007-09-24T09:12:51
1_1_2_LE07_195028_20071019;14.56350566;2.15;0.957916217;LANDSAT_7;1.19E+12;2007-10-19T09:06:44
1_1_2_LE07_196028_20071127;7.70695754;3.01;1.003420798;LANDSAT_7;1.20E+12;2007-11-27T09:13:17
1_1_2_LE07_195028_20080123;5.57753108;2.19;0.957916217;LANDSAT_7;1.20E+12;2008-01-23T09:07:15
1_1_2_LE07_196028_20080215;5.59462118;3.05;1.003420798;LANDSAT_7;1.20E+12;2008-02-15T09:13:21
1_1_1_2_LT05_195028_20080319;6.27138914;2.34;0.957916217;LANDSAT_5;1.21E+12;2008-03-19T09:06:50
1_1_1_2_LT05_195028_20080404;7.28654108;3.29;0.957916217;LANDSAT_5;1.21E+12;2008-04-04T09:06:28
1_1_1_2_LT05_195028_20080506;11.4770336;3.9;0.957916217;LANDSAT_5;1.21E+12;2008-05-06T09:05:39
1_1_1_2_LT05_196028_20080513;15.72905048;2.27;1.003420798;LANDSAT_5;1.21E+12;2008-05-13T09:11:39
1_1_2_LE07_196028_20080622;21.70716746;2.51;1.003420798;LANDSAT_7;1.21E+12;2008-06-22T09:12:45
1_1_1_2_LT05_195028_20080623;23.28971072;2.69;0.957916217;LANDSAT_5;1.21E+12;2008-06-23T09:04:22
1_1_1_2_LT05_196028_20080630;22.7564996;3.05;1.003420798;LANDSAT_5;1.21E+12;2008-06-30T09:10:21
1_1_1_2_LT05_196028_20080716;20.23058282;2.37;1.003420798;LANDSAT_5;1.22E+12;2008-07-16T09:09:53
1_1_2_LE07_196028_20080724;19.19492276;3.54;1.003420798;LANDSAT_7;1.22E+12;2008-07-24T09:12:22
1_1_2_LE07_196028_20080809;20.86291652;2.24;1.003420798;LANDSAT_7;1.22E+12;2008-08-09T09:12:17
1_1_1_2_LT05_196028_20080902;20.4151559;2.28;1.003420798;LANDSAT_5;1.22E+12;2008-09-02T09:08:31
1_1_1_2_LT05_195028_20080927;14.50881734;2.33;0.957916217;LANDSAT_5;1.22E+12;2008-09-27T09:01:36
1_1_1_2_LT05_196028_20090313;6.02187368;2.38;1.003420798;LANDSAT_5;1.24E+12;2009-03-13T09:09:35
1_1_2_LE07_196028_20090321;6.06630794;3.35;1.003420798;LANDSAT_7;1.24E+12;2009-03-21T09:13:17
1_1_1_2_LT05_195028_20090322;5.67665366;2.39;0.957916217;LANDSAT_5;1.24E+12;2009-03-22T09:03:36
1_1_2_LE07_196028_20090422;11.89403204;2.23;1.003420798;LANDSAT_7;1.24E+12;2009-04-22T09:13:27
1_1_2_LE07_195028_20090501;10.80368366;3.58;0.957916217;LANDSAT_7;1.24E+12;2009-05-01T09:07:18
1_1_1_2_LT05_196028_20090516;13.00147052;3.77;1.003420798;LANDSAT_5;1.24E+12;2009-05-16T09:10:52
1_1_2_LE07_195028_20090602;12.82373348;2.18;0.806990547;LANDSAT_7;1.24E+12;2009-06-02T09:07:20
1_1_1_2_LT05_195028_20090610;13.22705984;2.36;0.957916217;LANDSAT_5;1.24E+12;2009-06-10T09:05:08
1_1_2_LE07_195028_20090618;22.21303442;3.73;0.957916217;LANDSAT_7;1.25E+12;2009-06-18T09:07:19
1_1_2_LE07_195028_20090720;19.42051208;2.2;0.907094276;LANDSAT_7;1.25E+12;2009-07-20T09:07:12
1_1_2_LE07_196028_20090727;21.77894588;2.34;1.003420798;LANDSAT_7;1.25E+12;2009-07-27T09:13:21
1_1_1_2_LT05_195028_20090728;20.18614856;2.44;0.957916217;LANDSAT_5;1.25E+12;2009-07-28T09:05:57
1_1_2_LE07_196028_20090812;21.63538904;2.48;1.003420798;LANDSAT_7;1.25E+12;2009-08-12T09:13:15
1_1_1_2_LT05_196028_20090820;25.51142372;2.69;1.003420798;LANDSAT_5;1.25E+12;2009-08-20T09:12:28
1_1_2_LE07_196028_20090828;24.83465576;2.81;1.003420798;LANDSAT_7;1.25E+12;2009-08-28T09:13:15
1_1_1_2_LT05_195028_20090829;19.60850318;5.02;0.957916217;LANDSAT_5;1.25E+12;2009-08-29T09:06:26
1_1_1_2_LT05_196028_20090905;18.56258906;2.5;1.003420798;LANDSAT_5;1.25E+12;2009-09-05T09:12:42
1_1_2_LE07_195028_20090906;19.15732454;2.12;0.957916217;LANDSAT_7;1.25E+12;2009-09-06T09:07:04
1_1_1_2_LT05_195028_20090914;17.7661904;2.35;0.957916217;LANDSAT_5;1.25E+12;2009-09-14T09:06:39
1_1_1_2_LT05_195028_20090930;17.42097038;2.41;0.957916217;LANDSAT_5;1.25E+12;2009-09-30T09:06:51
1_1_1_2_LT05_195028_20091016;13.87648364;2.31;0.957916217;LANDSAT_5;1.26E+12;2009-10-16T09:07:01
1_1_2_LE07_195028_20091227;6.59268302;2.24;0.957916217;LANDSAT_7;1.26E+12;2009-12-27T09:08:07
1_1_2_LE07_196028_20100119;4.74011618;3.65;1.003420798;LANDSAT_7;1.26E+12;2010-01-19T09:14:39
1_1_1_2_LT05_195028_20100221;4.21032308;2.37;0.957916217;LANDSAT_5;1.27E+12;2010-02-21T09:07:49
1_1_2_LE07_195028_20100301;5.79628436;2.08;0.957916217;LANDSAT_7;1.27E+12;2010-03-01T09:08:56
1_1_2_LE07_196028_20100308;4.22057714;2.2;1.003420798;LANDSAT_7;1.27E+12;2010-03-08T09:15:10
1_1_2_LE07_196028_20100324;6.11416022;2.23;1.003420798;LANDSAT_7;1.27E+12;2010-03-24T09:15:15
1_1_2_LE07_195028_20100402;7.0506977;2.16;0.957916217;LANDSAT_7;1.27E+12;2010-04-02T09:09:06
1_1_2_LE07_196028_20100409;7.5804908;3.82;1.003420798;LANDSAT_7;1.27E+12;2010-04-09T09:15:18
1_1_1_2_LT05_196028_20100417;8.63665898;5.68;1.003420798;LANDSAT_5;1.27E+12;2010-04-17T09:13:58
1_1_1_2_LT05_196028_20100604;15.06253658;4.08;1.003420798;LANDSAT_5;1.28E+12;2010-06-04T09:13:46
1_1_2_LE07_195028_20100605;17.76960842;2.4;0.957916217;LANDSAT_7;1.28E+12;2010-06-05T09:09:02
1_1_2_LE07_196028_20100628;22.16176412;2.4;1.003420798;LANDSAT_7;1.28E+12;2010-06-28T09:15:16
1_1_1_2_LT05_195028_20100629;20.3126153;3.05;0.957916217;LANDSAT_5;1.28E+12;2010-06-29T09:07:27
1_1_2_LE07_195028_20100707;22.60610672;2.16;0.957916217;LANDSAT_7;1.28E+12;2010-07-07T09:09:06
1_1_2_LE07_196028_20100714;23.75456144;3.74;1.003420798;LANDSAT_7;1.28E+12;2010-07-14T09:15:18
1_1_1_2_LT05_195028_20100731;21.5260124;2.29;0.957916217;LANDSAT_5;1.28E+12;2010-07-31T09:07:19
1_1_2_LE07_195028_20100808;21.0303995;4.02;0.957916217;LANDSAT_7;1.28E+12;2010-08-08T09:09:06
1_1_2_LE07_196028_20100831;18.19686092;3.44;1.003420798;LANDSAT_7;1.28E+12;2010-08-31T09:15:21
1_1_1_2_LT05_195028_20100901;16.99029986;2.21;0.957916217;LANDSAT_5;1.28E+12;2010-09-01T09:07:10
1_1_1_2_LT05_195028_20101003;16.23149942;2.3;0.957916217;LANDSAT_5;1.29E+12;2010-10-03T09:06:58
1_1_1_2_LT05_196028_20101026;11.41892726;2.32;1.003420798;LANDSAT_5;1.29E+12;2010-10-26T09:12:56
1_1_2_LE07_195028_20101027;11.0839613;2.21;0.957916217;LANDSAT_7;1.29E+12;2010-10-27T09:09:24
1_1_1_2_LT05_195028_20101104;8.9476988;2.63;0.957916217;LANDSAT_5;1.29E+12;2010-11-04T09:06:43
1_1_1_2_LT05_196028_20101213;6.92764898;2.35;1.003420798;LANDSAT_5;1.29E+12;2010-12-13T09:12:55
1_1_2_LE07_196028_20110122;4.98963164;2.22;1.003420798;LANDSAT_7;1.30E+12;2011-01-22T09:16:25
1_1_1_2_LT05_195028_20110208;5.75868614;2.37;0.957916217;LANDSAT_5;1.30E+12;2011-02-08T09:06:52
1_1_1_2_LT05_196028_20110303;5.49891662;2.43;1.003420798;LANDSAT_5;1.30E+12;2011-03-03T09:13:02
1_1_2_LE07_195028_20110320;6.43887212;3.15;0.957916217;LANDSAT_7;1.30E+12;2011-03-20T09:10:27
1_1_1_2_LT05_195028_20110413;8.78363384;2.33;0.957916217;LANDSAT_5;1.30E+12;2011-04-13T09:06:40
1_1_2_LE07_195028_20110421;14.56350566;2.17;0.957916217;LANDSAT_7;1.30E+12;2011-04-21T09:10:29
1_1_1_2_LT05_196028_20110506;14.52590744;3.91;1.003420798;LANDSAT_5;1.30E+12;2011-05-06T09:12:41
1_1_2_LE07_195028_20110507;15.1684952;2.14;0.957916217;LANDSAT_7;1.30E+12;2011-05-07T09:10:30
1_1_2_LE07_196028_20110530;20.42199194;2.26;1.003420798;LANDSAT_7;1.31E+12;2011-05-30T09:16:41
1_1_1_2_LT05_195028_20110702;19.70078972;2.27;0.957916217;LANDSAT_5;1.31E+12;2011-07-02T09:06:07
1_1_2_LE07_195028_20110811;21.10901396;2.12;0.957916217;LANDSAT_7;1.31E+12;2011-08-11T09:10:18
1_1_2_LE07_196028_20110818;23.4059234;2.63;1.003420798;LANDSAT_7;1.31E+12;2011-08-18T09:16:29
1_1_1_2_LT05_195028_20110920;18.0738122;2.3;0.957916217;LANDSAT_5;1.32E+12;2011-09-20T09:05:19
1_1_1_2_LT05_196028_20110927;18.38485202;2.61;1.003420798;LANDSAT_5;1.32E+12;2011-09-27T09:11:22
1_1_1_2_LT05_195028_20111006;19.11972632;2.44;0.957916217;LANDSAT_5;1.32E+12;2011-10-06T09:04:59
1_1_1_2_LT05_196028_20111013;17.99861576;2.42;1.003420798;LANDSAT_5;1.32E+12;2011-10-13T09:11:06
1_1_2_LE07_195028_20111014;16.35796616;2.15;0.957916217;LANDSAT_7;1.32E+12;2011-10-14T09:10:09
1_1_2_LE07_196028_20111021;14.47805516;2.15;0.844904936;LANDSAT_7;1.32E+12;2011-10-21T09:16:25
1_1_2_LE07_196028_20111208;9.3407711;2.98;1.003420798;LANDSAT_7;1.32E+12;2011-12-08T09:16:51
1_1_2_LE07_196028_20120210;3.5643173;3.9;1.003420798;LANDSAT_7;1.33E+12;2012-02-10T09:17:12
1_1_2_LE07_196028_20120313;6.11757824;2.62;1.003420798;LANDSAT_7;1.33E+12;2012-03-13T09:17:11
1_1_2_LE07_195028_20120525;16.12895882;2.32;0.957916217;LANDSAT_7;1.34E+12;2012-05-25T09:11:29
1_1_2_LE07_196028_20120617;18.24129518;4.06;1.003420798;LANDSAT_7;1.34E+12;2012-06-17T09:17:31
1_1_2_LE07_196028_20120703;21.0816698;2.58;1.003420798;LANDSAT_7;1.34E+12;2012-07-03T09:17:41
1_1_2_LE07_195028_20120712;17.70124802;2.99;0.957916217;LANDSAT_7;1.34E+12;2012-07-12T09:11:39
1_1_2_LE07_196028_20120804;24.26726444;3.89;1.003420798;LANDSAT_7;1.34E+12;2012-08-04T09:18:04
1_1_2_LE07_195028_20120914;18.06697616;2.18;0.957916217;LANDSAT_7;1.35E+12;2012-09-14T09:12:20
1_1_2_LE07_196028_20120921;18.31990964;2.21;1.003420798;LANDSAT_7;1.35E+12;2012-09-21T09:18:34
1_1_2_LE07_195028_20121101;11.31296864;2.23;0.957916217;LANDSAT_7;1.35E+12;2012-11-01T09:12:44
1_2_LC08_195028_20130418;15.69487028;2.86;0.806990547;LANDSAT_8;1.37E+12;2013-04-18T09:18:42
1_2_LC08_196028_20130425;14.31057218;5.73;1.003420798;LANDSAT_8;1.37E+12;2013-04-25T09:24:50
1_2_LC08_196028_20130527;12.9980525;2.1;1.003420798;LANDSAT_8;1.37E+12;2013-05-27T09:25:08
1_1_2_LE07_196028_20130604;13.38770678;3.1;1.003420798;LANDSAT_7;1.37E+12;2013-06-04T09:18:46
1_2_LC08_195028_20130605;16.92193946;1.94;0.957916217;LANDSAT_8;1.37E+12;2013-06-05T09:18:56
1_2_LC08_196028_20130612;14.95999598;3.76;1.003420798;LANDSAT_8;1.37E+12;2013-06-12T09:25:05
1_2_LC08_195028_20130621;17.30817572;2.13;0.957916217;LANDSAT_8;1.37E+12;2013-06-21T09:18:49
1_1_2_LE07_196028_20130706;19.24961108;3.79;1.003420798;LANDSAT_7;1.37E+12;2013-07-06T09:18:32
1_2_LC08_195028_20130707;21.41321774;2.16;0.957916217;LANDSAT_8;1.37E+12;2013-07-07T09:18:53
1_2_LC08_196028_20130714;22.74966356;2.09;1.003420798;LANDSAT_8;1.37E+12;2013-07-14T09:25:04
1_1_2_LE07_196028_20130722;25.29267044;3.88;1.003420798;LANDSAT_7;1.37E+12;2013-07-22T09:18:25
1_2_LC08_196028_20130815;23.56998836;2.08;1.003420798;LANDSAT_8;1.38E+12;2013-08-15T09:25:05
1_1_2_LE07_195028_20130816;22.43520572;2.39;0.957916217;LANDSAT_7;1.38E+12;2013-08-16T09:12:12
1_1_2_LE07_196028_20130823;21.8507243;2.42;1.003420798;LANDSAT_7;1.38E+12;2013-08-23T09:18:27
1_2_LC08_196028_20130831;19.01718572;3.65;1.003420798;LANDSAT_8;1.38E+12;2013-08-31T09:25:07
1_2_LC08_195028_20130909;20.40490184;2;0.957916217;LANDSAT_8;1.38E+12;2013-09-09T09:18:55
1_1_2_LE07_196028_20130924;16.78863668;3.52;1.003420798;LANDSAT_7;1.38E+12;2013-09-24T09:18:48
1_2_LC08_195028_20130925;19.20517682;2.04;0.957916217;LANDSAT_8;1.38E+12;2013-09-25T09:18:47
1_1_2_LE07_196028_20131026;15.00101222;2.27;1.003420798;LANDSAT_7;1.38E+12;2013-10-26T09:19:09
1_1_2_LE07_196028_20131111;10.28414462;2.98;1.003420798;LANDSAT_7;1.38E+12;2013-11-11T09:19:15
1_2_LC08_195028_20131112;10.81735574;3.38;0.957916217;LANDSAT_8;1.38E+12;2013-11-12T09:18:37
1_1_2_LE07_196028_20131127;8.03508746;2.22;1.003420798;LANDSAT_7;1.39E+12;2013-11-27T09:19:21
1_2_LC08_195028_20131128;7.37199158;2.09;0.957916217;LANDSAT_8;1.39E+12;2013-11-28T09:18:31
1_2_LC08_196028_20140122;6.23379092;3.56;1.003420798;LANDSAT_8;1.39E+12;2014-01-22T09:24:13
1_2_LC08_196028_20140223;6.90372284;5.07;1.003420798;LANDSAT_8;1.39E+12;2014-02-23T09:23:50
1_1_2_LE07_195028_20140224;6.73282184;2.21;0.957916217;LANDSAT_7;1.39E+12;2014-02-24T09:13:37
1_1_2_LE07_195028_20140312;7.14982028;2.25;0.957916217;LANDSAT_7;1.39E+12;2014-03-12T09:13:43
1_2_LC08_195028_20140320;9.16303406;2.04;0.957916217;LANDSAT_8;1.40E+12;2014-03-20T09:17:19
1_2_LC08_196028_20140327;7.9735631;2.15;1.003420798;LANDSAT_8;1.40E+12;2014-03-27T09:23:20
1_1_2_LE07_195028_20140328;8.60931482;2.21;0.957916217;LANDSAT_7;1.40E+12;2014-03-28T09:13:51
1_1_2_LE07_195028_20140413;13.7841971;2.21;0.957916217;LANDSAT_7;1.40E+12;2014-04-13T09:13:57
1_2_LC08_195028_20140523;14.66262824;1.95;0.957916217;LANDSAT_8;1.40E+12;2014-05-23T09:16:23
1_2_LC08_196028_20140530;16.01958218;2.09;1.003420798;LANDSAT_8;1.40E+12;2014-05-30T09:22:40
1_1_2_LE07_196028_20140607;19.9708133;2.42;1.003420798;LANDSAT_7;1.40E+12;2014-06-07T09:20:29
1_2_LC08_195028_20140608;23.21451428;2.23;0.957916217;LANDSAT_8;1.40E+12;2014-06-08T09:16:34
1_2_LC08_196028_20140615;18.49764668;3.59;1.003420798;LANDSAT_8;1.40E+12;2014-06-15T09:22:47
1_1_2_LE07_195028_20140616;18.11482844;2.19;0.957916217;LANDSAT_7;1.40E+12;2014-06-16T09:14:18
1_2_LC08_196028_20140701;19.5606509;2.09;1.003420798;LANDSAT_8;1.40E+12;2014-07-01T09:22:51
1_2_LC08_196028_20140717;22.97183486;3.44;1.003420798;LANDSAT_8;1.41E+12;2014-07-17T09:22:57
1_2_LC08_196028_20140818;19.81358438;2.1;1.003420798;LANDSAT_8;1.41E+12;2014-08-18T09:23:09
1_2_LC08_195028_20140912;19.45469228;2.12;0.957916217;LANDSAT_8;1.41E+12;2014-09-12T09:17:03
1_2_LC08_195028_20140928;18.71298194;2;0.957916217;LANDSAT_8;1.41E+12;2014-09-28T09:17:01
1_1_2_LE07_195028_20141006;17.87556704;2.14;0.957916217;LANDSAT_7;1.41E+12;2014-10-06T09:14:49
1_2_LC08_195028_20141030;15.31547006;1.55;0.957916217;LANDSAT_8;1.41E+12;2014-10-30T09:17:03
1_1_2_LE07_195028_20141209;9.2724107;2.61;0.957916217;LANDSAT_7;1.42E+12;2014-12-09T09:15:17
1_2_LC08_196028_20141224;6.8114363;2.01;1.003420798;LANDSAT_8;1.42E+12;2014-12-24T09:23:11
1_1_2_LE07_195028_20141225;7.956473;3.64;0.957916217;LANDSAT_7;1.42E+12;2014-12-25T09:15:26
1_2_LC08_196028_20150210;5.51600672;2.62;1.003420798;LANDSAT_8;1.42E+12;2015-02-10T09:22:56
1_1_2_LE07_196028_20150306;5.8885709;2.19;1.003420798;LANDSAT_7;1.43E+12;2015-03-06T09:21:58
1_2_LC08_195028_20150323;8.60931482;1.83;0.957916217;LANDSAT_8;1.43E+12;2015-03-23T09:16:26
1_1_2_LE07_196028_20150407;7.08829592;3.87;1.003420798;LANDSAT_7;1.43E+12;2015-04-07T09:22:14
1_2_LC08_196028_20150415;11.00534684;1.98;1.003420798;LANDSAT_8;1.43E+12;2015-04-15T09:22:28
1_1_2_LE07_196028_20150423;11.10788744;5.08;1.003420798;LANDSAT_7;1.43E+12;2015-04-23T09:22:19
1_2_LC08_195028_20150424;15.55473146;1.81;0.957916217;LANDSAT_8;1.43E+12;2015-04-24T09:16:14
1_1_2_LE07_195028_20150518;17.37653612;2.22;0.957916217;LANDSAT_7;1.43E+12;2015-05-18T09:16:21
1_2_LC08_196028_20150602;18.1934429;3.73;1.003420798;LANDSAT_8;1.43E+12;2015-06-02T09:22:13
1_1_2_LE07_195028_20150603;18.74716214;2.5;0.957916217;LANDSAT_7;1.43E+12;2015-06-03T09:16:26
1_2_LC08_195028_20150611;20.81848226;3.74;0.957916217;LANDSAT_8;1.43E+12;2015-06-11T09:16:09
1_1_2_LE07_196028_20150626;20.08360796;2.3;1.003420798;LANDSAT_7;1.44E+12;2015-06-26T09:22:41
1_2_LC08_195028_20150627;18.35408984;3.9;0.957916217;LANDSAT_8;1.44E+12;2015-06-27T09:16:15
1_2_LC08_196028_20150704;26.86837766;3.7;1.003420798;LANDSAT_8;1.44E+12;2015-07-04T09:22:31
1_1_2_LE07_196028_20150712;21.83021618;2.4;1.003420798;LANDSAT_7;1.44E+12;2015-07-12T09:22:48
1_2_LC08_195028_20150713;27.5075474;3.47;0.957916217;LANDSAT_8;1.44E+12;2015-07-13T09:16:26
1_2_LC08_196028_20150720;28.122791;2.6;1.003420798;LANDSAT_8;1.44E+12;2015-07-20T09:22:39
1_1_2_LE07_195028_20150721;26.17793762;2.38;0.907094276;LANDSAT_7;1.44E+12;2015-07-21T09:16:39
1_2_LC08_196028_20150805;23.34439904;3.41;1.003420798;LANDSAT_8;1.44E+12;2015-08-05T09:22:42
1_2_LC08_196028_20150821;22.3634273;3.46;1.003420798;LANDSAT_8;1.44E+12;2015-08-21T09:22:50
1_1_2_LE07_195028_20150822;21.4234718;2.21;0.957916217;LANDSAT_7;1.44E+12;2015-08-22T09:16:45
1_1_2_LE07_196028_20150829;20.55529472;4.05;0.940322236;LANDSAT_7;1.44E+12;2015-08-29T09:22:55
1_2_LC08_195028_20150830;23.85710204;2.13;0.957916217;LANDSAT_8;1.44E+12;2015-08-30T09:16:42
1_2_LC08_195028_20151001;15.64359998;1.69;0.957916217;LANDSAT_8;1.44E+12;2015-10-01T09:16:55
1_2_LC08_196028_20151008;15.6811982;3.4;1.003420798;LANDSAT_8;1.44E+12;2015-10-08T09:23:06
1_2_LC08_196028_20151109;13.69191056;3.54;1.003420798;LANDSAT_8;1.45E+12;2015-11-09T09:23:11
1_2_LC08_195028_20151118;13.59962402;1.89;0.957916217;LANDSAT_8;1.45E+12;2015-11-18T09:17:02
1_1_2_LE07_195028_20151212;8.53411838;3;0.957916217;LANDSAT_7;1.45E+12;2015-12-12T09:18:02
1_2_LC08_195028_20160105;7.8368423;2.12;0.957916217;LANDSAT_8;1.45E+12;2016-01-05T09:16:59
1_1_2_LE07_195028_20160129;6.12441428;3.35;0.957916217;LANDSAT_7;1.45E+12;2016-01-29T09:18:41
1_1_2_LE07_196028_20160221;7.54289258;2.21;1.003420798;LANDSAT_7;1.46E+12;2016-02-21T09:24:57
1_2_LC08_195028_20160309;5.9569313;2.07;0.957916217;LANDSAT_8;1.46E+12;2016-03-09T09:16:46
1_1_2_LE07_195028_20160317;6.760166;2.23;0.957916217;LANDSAT_7;1.46E+12;2016-03-17T09:19:00
1_1_2_LE07_196028_20160324;6.62002718;2.22;1.003420798;LANDSAT_7;1.46E+12;2016-03-24T09:25:13
1_1_2_LE07_196028_20160527;18.27547538;2.37;1.003420798;LANDSAT_7;1.46E+12;2016-05-27T09:25:33
1_1_2_LE07_196028_20160628;22.04896946;2.44;1.003420798;LANDSAT_7;1.47E+12;2016-06-28T09:25:39
1_2_LC08_195028_20160629;17.65339574;2.28;0.957916217;LANDSAT_8;1.47E+12;2016-06-29T09:16:44
1_2_LC08_196028_20160706;22.72573742;2.23;1.003420798;LANDSAT_8;1.47E+12;2016-07-06T09:22:58
1_1_2_LE07_195028_20160707;18.47372054;3.15;0.957916217;LANDSAT_7;1.47E+12;2016-07-07T09:19:27
1_2_LC08_195028_20160715;20.7398678;2.9;0.957916217;LANDSAT_8;1.47E+12;2016-07-15T09:16:51
1_2_LC08_196028_20160807;23.26578458;2.12;1.003420798;LANDSAT_8;1.47E+12;2016-08-07T09:23:06
1_2_LC08_195028_20160816;25.55243996;1.89;0.957916217;LANDSAT_8;1.47E+12;2016-08-16T09:16:58
1_2_LC08_196028_20160823;23.17691606;3.6;1.003420798;LANDSAT_8;1.47E+12;2016-08-23T09:23:13
1_1_2_LE07_195028_20160824;21.53626646;2.65;0.957916217;LANDSAT_7;1.47E+12;2016-08-24T09:19:33
1_2_LC08_195028_20160901;25.01581082;3.78;0.957916217;LANDSAT_8;1.47E+12;2016-09-01T09:17:05
1_2_LC08_196028_20160908;23.10855566;3.33;1.003420798;LANDSAT_8;1.47E+12;2016-09-08T09:23:18
1_1_2_LE07_195028_20160909;21.65247914;2.28;0.957916217;LANDSAT_7;1.47E+12;2016-09-09T09:19:36
1_2_LC08_196028_20160924;20.01866558;2.12;1.003420798;LANDSAT_8;1.47E+12;2016-09-24T09:23:19
1_1_2_LE07_195028_20160925;19.06161998;2.16;0.957916217;LANDSAT_7;1.47E+12;2016-09-25T09:19:39
1_2_LC08_195028_20161003;18.4327043;1.97;0.957916217;LANDSAT_8;1.48E+12;2016-10-03T09:17:09
1_2_LC08_196028_20161010;14.41311278;3.12;1.003420798;LANDSAT_8;1.48E+12;2016-10-10T09:23:23
1_2_LC08_195028_20161104;8.17180826;2.1;0.957916217;LANDSAT_8;1.48E+12;2016-11-04T09:17:14
1_1_2_LE07_195028_20161112;9.6825731;3.41;0.957916217;LANDSAT_7;1.48E+12;2016-11-12T09:19:28
1_1_2_LE07_195028_20161128;9.03998534;2.17;0.957916217;LANDSAT_7;1.48E+12;2016-11-28T09:19:25
1_2_LC08_195028_20161206;6.68496956;2.14;0.957916217;LANDSAT_8;1.48E+12;2016-12-06T09:17:13
1_2_LC08_196028_20161229;5.5467689;4.32;1.003420798;LANDSAT_8;1.48E+12;2016-12-29T09:23:19
1_2_LC08_196028_20170215;6.39785588;2.15;1.003420798;LANDSAT_8;1.49E+12;2017-02-15T09:23:01
1_1_2_LE07_196028_20170223;6.24404498;2.22;1.003420798;LANDSAT_7;1.49E+12;2017-02-23T09:25:07
1_1_2_LE07_196028_20170327;7.75480982;2.19;1.003420798;LANDSAT_7;1.49E+12;2017-03-27T09:25:19
1_2_LC08_195028_20170328;10.0243751;3.38;0.957916217;LANDSAT_8;1.49E+12;2017-03-28T09:16:30
1_1_2_LE07_196028_20170412;9.34418912;3.75;1.003420798;LANDSAT_7;1.49E+12;2017-04-12T09:25:24
1_2_LC08_195028_20170413;14.24904782;1.76;0.957916217;LANDSAT_8;1.49E+12;2017-04-13T09:16:22
1_2_LC08_196028_20170420;10.4345375;2.14;1.003420798;LANDSAT_8;1.49E+12;2017-04-20T09:22:29
1_1_2_LE07_195028_20170421;9.75776954;2.17;0.957916217;LANDSAT_7;1.49E+12;2017-04-21T09:19:17
1_2_LC08_196028_20170522;17.51667494;2.08;1.003420798;LANDSAT_8;1.50E+12;2017-05-22T09:22:35
1_1_2_LE07_195028_20170608;15.5444774;2.48;0.957916217;LANDSAT_7;1.50E+12;2017-06-08T09:19:29
1_1_2_LE07_196028_20170615;23.48795588;2.88;1.003420798;LANDSAT_7;1.50E+12;2017-06-15T09:25:42
1_2_LC08_195028_20170616;25.61738234;2.38;0.957916217;LANDSAT_8;1.50E+12;2017-06-16T09:16:37
1_1_2_LE07_196028_20170717;18.55917104;2.7;1.003420798;LANDSAT_7;1.50E+12;2017-07-17T09:25:44
1_2_LC08_195028_20170718;26.28389624;2.27;0.957916217;LANDSAT_8;1.50E+12;2017-07-18T09:16:45
1_1_2_LE07_196028_20170802;21.73792964;2.65;0.92954931;LANDSAT_7;1.50E+12;2017-08-02T09:25:43
1_2_LC08_195028_20170803;26.41719902;2.5;0.957916217;LANDSAT_8;1.50E+12;2017-08-03T09:16:53
1_1_2_LE07_196028_20170818;24.76629536;2.74;1.003420798;LANDSAT_7;1.50E+12;2017-08-18T09:25:41
1_2_LC08_195028_20170819;23.40934142;3.43;0.957916217;LANDSAT_8;1.50E+12;2017-08-19T09:16:58
1_2_LC08_196028_20170826;24.93377834;2.23;1.003420798;LANDSAT_8;1.50E+12;2017-08-26T09:23:10
1_1_2_LE07_196028_20170903;21.4063817;2.59;1.003420798;LANDSAT_7;1.50E+12;2017-09-03T09:25:41
1_2_LC08_195028_20170920;17.76277238;2.09;0.957916217;LANDSAT_8;1.51E+12;2017-09-20T09:17:03
1_1_2_LE07_196028_20171005;16.55621132;2.13;1.003420798;LANDSAT_7;1.51E+12;2017-10-05T09:25:41
1_2_LC08_195028_20171006;16.39214636;2.08;0.957916217;LANDSAT_8;1.51E+12;2017-10-06T09:17:10
1_2_LC08_196028_20171013;17.01764402;3.33;1.003420798;LANDSAT_8;1.51E+12;2017-10-13T09:23:22
1_1_2_LE07_195028_20171014;15.70854236;2.17;0.957916217;LANDSAT_7;1.51E+12;2017-10-14T09:19:32
1_2_LC08_196028_20171114;10.11666164;2.58;1.003420798;LANDSAT_8;1.51E+12;2017-11-14T09:23:20
1_1_2_LE07_195028_20171115;9.9218345;3.52;0.957916217;LANDSAT_7;1.51E+12;2017-11-15T09:19:29
1_1_2_LE07_196028_20171122;8.7767978;3.01;1.003420798;LANDSAT_7;1.51E+12;2017-11-22T09:25:38
1_2_LC08_196028_20180101;6.87296066;2.45;1.003420798;LANDSAT_8;1.51E+12;2018-01-01T09:23:14
1_2_LC08_196028_20180202;5.88515288;3.03;1.003420798;LANDSAT_8;1.52E+12;2018-02-02T09:22:57
1_2_LC08_195028_20180227;4.07018426;2.46;0.957916217;LANDSAT_8;1.52E+12;2018-02-27T09:16:37
1_1_2_LE07_196028_20180314;6.31240538;2.68;1.003420798;LANDSAT_7;1.52E+12;2018-03-14T09:24:18
1_2_LC08_196028_20180322;6.02187368;2.16;1.003420798;LANDSAT_8;1.52E+12;2018-03-22T09:22:36
1_1_2_LE07_195028_20180323;6.75674798;2.2;0.957916217;LANDSAT_7;1.52E+12;2018-03-23T09:18:00
1_1_2_LE07_195028_20180424;17.0825864;2.03;0.957916217;LANDSAT_7;1.52E+12;2018-04-24T09:17:29
1_1_2_LE07_196028_20180517;12.6049802;2.2;0.844904936;LANDSAT_7;1.53E+12;2018-05-17T09:23:16
1_2_LC08_195028_20180518;14.86770944;2.28;0.957916217;LANDSAT_8;1.53E+12;2018-05-18T09:15:52
1_2_LC08_196028_20180525;21.43030784;3.58;1.003420798;LANDSAT_8;1.53E+12;2018-05-25T09:21:58
1_1_2_LE07_196028_20180602;19.21201286;2.37;1.003420798;LANDSAT_7;1.53E+12;2018-06-02T09:23:01
1_1_2_LE07_196028_20180618;20.6373272;3.33;1.003420798;LANDSAT_7;1.53E+12;2018-06-18T09:22:44
1_2_LC08_195028_20180619;22.18227224;3.54;0.957916217;LANDSAT_8;1.53E+12;2018-06-19T09:15:50
1_2_LC08_196028_20180626;19.24277504;2.83;1.003420798;LANDSAT_8;1.53E+12;2018-06-26T09:22:05
1_1_2_LE07_196028_20180704;22.71548336;3.81;1.003420798;LANDSAT_7;1.53E+12;2018-07-04T09:22:25
1_1_2_LE07_195028_20180713;21.70374944;2.3;0.957916217;LANDSAT_7;1.53E+12;2018-07-13T09:16:03
1_1_2_LE07_195028_20180729;23.46061172;2.37;0.957916217;LANDSAT_7;1.53E+12;2018-07-29T09:15:47
1_1_2_LE07_196028_20180805;25.77802928;2.78;1.003420798;LANDSAT_7;1.53E+12;2018-08-05T09:21:50
1_2_LC08_195028_20180806;26.04463484;2.64;0.957916217;LANDSAT_8;1.53E+12;2018-08-06T09:16:15
1_1_2_LE07_196028_20180821;23.63151272;2.6;1.003420798;LANDSAT_7;1.53E+12;2018-08-21T09:21:32
1_2_LC08_195028_20180907;22.26430472;2.99;0.957916217;LANDSAT_8;1.54E+12;2018-09-07T09:16:29
1_2_LC08_196028_20180930;18.7403261;3.36;1.003420798;LANDSAT_8;1.54E+12;2018-09-30T09:22:49
1_2_LC08_195028_20181009;17.00397194;2.1;0.957916217;LANDSAT_8;1.54E+12;2018-10-09T09:16:42
1_2_LC08_196028_20181016;15.45560888;3.35;1.003420798;LANDSAT_8;1.54E+12;2018-10-16T09:22:55
1_2_LC08_196028_20181101;11.8530158;2.1;1.003420798;LANDSAT_8;1.54E+12;2018-11-01T09:23:00
1_2_LC08_195028_20181212;7.91887478;2.19;0.957916217;LANDSAT_8;1.54E+12;2018-12-12T09:16:46
1_2_LC08_196028_20190104;6.63711728;2.84;1.003420798;LANDSAT_8;1.55E+12;2019-01-04T09:22:57
1_1_2_LE07_195028_20190121;6.05605388;2.23;0.957916217;LANDSAT_7;1.55E+12;2019-01-21T09:11:29
1_2_LC08_196028_20190205;5.15711462;2.15;1.003420798;LANDSAT_8;1.55E+12;2019-02-05T09:22:51
1_1_2_LE07_196028_20190213;5.8714808;3.03;1.003420798;LANDSAT_7;1.55E+12;2019-02-13T09:16:58
1_2_LC08_195028_20190214;6.32265944;1.8;0.957916217;LANDSAT_8;1.55E+12;2019-02-14T09:16:39
1_2_LC08_196028_20190221;6.8456165;2.14;1.003420798;LANDSAT_8;1.55E+12;2019-02-21T09:22:48
1_2_LC08_196028_20190325;10.007285;2.11;1.003420798;LANDSAT_8;1.55E+12;2019-03-25T09:22:39
1_1_2_LE07_196028_20190402;9.40571348;2.2;1.003420798;LANDSAT_7;1.55E+12;2019-04-02T09:15:25
1_2_LC08_196028_20190410;10.2123662;2.24;1.003420798;LANDSAT_8;1.55E+12;2019-04-10T09:22:34
1_2_LC08_195028_20190419;15.20609342;2.07;0.957916217;LANDSAT_8;1.56E+12;2019-04-19T09:16:20
1_2_LC08_196028_20190512;10.08248144;2.91;1.003420798;LANDSAT_8;1.56E+12;2019-05-12T09:22:37
1_1_2_LE07_195028_20190513;9.34760714;2.22;0.957916217;LANDSAT_7;1.56E+12;2019-05-13T09:07:43
1_1_2_LE07_196028_20190605;19.95030518;3.77;1.003420798;LANDSAT_7;1.56E+12;2019-06-05T09:13:03
1_2_LC08_196028_20190613;18.04305002;3.46;1.003420798;LANDSAT_8;1.56E+12;2019-06-13T09:22:54
1_2_LC08_196028_20190629;23.55289826;3.42;1.003420798;LANDSAT_8;1.56E+12;2019-06-29T09:22:59
1_1_2_LE07_196028_20190707;23.19742418;2.84;1.003420798;LANDSAT_7;1.56E+12;2019-07-07T09:11:51
1_2_LC08_195028_20190708;25.1491136;3.53;0.957916217;LANDSAT_8;1.56E+12;2019-07-08T09:16:50
1_1_2_LE07_196028_20190723;24.16472384;2.66;1.003420798;LANDSAT_7;1.56E+12;2019-07-23T09:11:14
1_2_LC08_195028_20190724;26.13350336;2.07;0.957916217;LANDSAT_8;1.56E+12;2019-07-24T09:16:54
1_2_LC08_196028_20190731;22.74282752;3.53;1.003420798;LANDSAT_8;1.56E+12;2019-07-31T09:23:08
1_1_2_LE07_195028_20190801;22.06605956;2.22;0.957916217;LANDSAT_7;1.56E+12;2019-08-01T09:04:41
1_1_2_LE07_196028_20190808;23.47086578;2.57;1.003420798;LANDSAT_7;1.57E+12;2019-08-08T09:10:35
1_2_LC08_195028_20190809;23.90837234;2.32;0.957916217;LANDSAT_8;1.57E+12;2019-08-09T09:17:00
1_1_2_LE07_195028_20190817;23.508464;2.34;0.957916217;LANDSAT_7;1.57E+12;2019-08-17T09:04:01
1_1_2_LE07_196028_20190824;19.77256814;2.26;1.003420798;LANDSAT_7;1.57E+12;2019-08-24T09:09:54
1_2_LC08_195028_20190825;22.0045352;1.38;0.957916217;LANDSAT_8;1.57E+12;2019-08-25T09:17:05
1_2_LC08_196028_20190917;19.22226692;3.82;1.003420798;LANDSAT_8;1.57E+12;2019-09-17T09:23:22
1_2_LC08_196028_20191003;15.59232968;2.09;1.003420798;LANDSAT_8;1.57E+12;2019-10-03T09:23:26
1_1_2_LE07_196028_20191011;14.42678486;3.41;1.003420798;LANDSAT_7;1.57E+12;2019-10-11T09:07:51
1_1_2_LE07_196028_20191027;9.00922316;3.15;0.866450748;LANDSAT_7;1.57E+12;2019-10-27T09:07:10
1_1_2_LE07_196028_20191230;6.45596222;3.87;1.003420798;LANDSAT_7;1.58E+12;2019-12-30T09:04:04
1_2_LC08_196028_20200107;7.01993552;2.17;1.003420798;LANDSAT_8;1.58E+12;2020-01-07T09:23:17
1_1_2_LE07_196028_20200115;7.07804186;3.03;1.003420798;LANDSAT_7;1.58E+12;2020-01-15T09:03:15
1_2_LC08_195028_20200116;7.5634007;1.55;0.957916217;LANDSAT_8;1.58E+12;2020-01-16T09:17:04
1_2_LC08_196028_20200224;7.14982028;3.45;1.003420798;LANDSAT_8;1.58E+12;2020-02-24T09:23:04
1_1_2_LE07_196028_20200303;6.88663274;3.01;1.003420798;LANDSAT_7;1.58E+12;2020-03-03T09:00:47
1_2_LC08_195028_20200304;4.49060072;2.15;0.957916217;LANDSAT_8;1.58E+12;2020-03-04T09:16:50
1_2_LC08_196028_20200327;8.26067678;2.04;1.003420798;LANDSAT_8;1.59E+12;2020-03-27T09:22:50
1_2_LC08_195028_20200405;11.17282982;1.53;0.957916217;LANDSAT_8;1.59E+12;2020-04-05T09:16:34
1_2_LC08_196028_20200412;14.78225894;2.1;1.003420798;LANDSAT_8;1.59E+12;2020-04-12T09:22:42
1_1_2_LE07_195028_20200413;11.67186074;2.19;0.957916217;LANDSAT_7;1.59E+12;2020-04-13T08:52:19
1_2_LC08_195028_20200507;14.83352924;1.63;0.957916217;LANDSAT_8;1.59E+12;2020-05-07T09:16:18
1_2_LC08_196028_20200530;16.60064558;3.6;1.003420798;LANDSAT_8;1.59E+12;2020-05-30T09:22:33
1_1_2_LE07_195028_20200531;14.94974192;2.17;0.957916217;LANDSAT_7;1.59E+12;2020-05-31T08:49:25
1_1_2_LE07_195028_20200616;18.17977082;2.81;0.957916217;LANDSAT_7;1.59E+12;2020-06-16T08:48:30
1_1_2_LE07_196028_20200623;19.81358438;2.53;1.003420798;LANDSAT_7;1.59E+12;2020-06-23T08:54:16
1_2_LC08_195028_20200624;22.38393542;2.64;0.957916217;LANDSAT_8;1.59E+12;2020-06-24T09:16:38
1_2_LC08_196028_20200701;22.79409782;2.67;1.003420798;LANDSAT_8;1.59E+12;2020-07-01T09:22:52
1_1_2_LE07_195028_20200718;20.98254722;1.83;0.957916217;LANDSAT_7;1.60E+12;2020-07-18T08:46:34
1_1_2_LE07_196028_20200725;23.90495432;2.32;1.003420798;LANDSAT_7;1.60E+12;2020-07-25T08:52:19
1_2_LC08_195028_20200811;22.13100194;4.53;0.957916217;LANDSAT_8;1.60E+12;2020-08-11T09:16:52
1_2_LC08_196028_20200818;25.0294829;2.39;1.003420798;LANDSAT_8;1.60E+12;2020-08-18T09:23:07
1_1_2_LE07_195028_20200819;19.44443822;2.86;0.957916217;LANDSAT_7;1.60E+12;2020-08-19T08:44:34
1_1_2_LE07_196028_20200826;22.98208892;2.55;1.003420798;LANDSAT_7;1.60E+12;2020-08-26T08:50:17
1_2_LC08_195028_20200912;23.6964551;2.38;0.957916217;LANDSAT_8;1.60E+12;2020-09-12T09:17:08
1_2_LC08_195028_20201014;11.62742648;4.21;0.957916217;LANDSAT_8;1.60E+12;2020-10-14T09:17:14
1_1_2_LE07_196028_20201114;11.60350034;3.76;0.940322236;LANDSAT_7;1.61E+12;2020-11-14T08:45:01
1_2_LC08_196028_20201122;8.99555108;3.94;1.003420798;LANDSAT_8;1.61E+12;2020-11-22T09:23:24
1_2_LC08_196028_20201208;6.88321472;2.25;1.003420798;LANDSAT_8;1.61E+12;2020-12-08T09:23:26
1_2_LC08_195028_20210118;6.42520004;2.12;0.957916217;LANDSAT_8;1.61E+12;2021-01-18T09:17:03
1_2_LC08_196028_20210226;8.0248334;1.89;1.003420798;LANDSAT_8;1.61E+12;2021-02-26T09:23:05
1_1_2_LE07_195028_20210227;6.85245254;2.19;0.957916217;LANDSAT_7;1.61E+12;2021-02-27T08:31:12
1_2_LC08_195028_20210323;7.94621894;1.67;0.957916217;LANDSAT_8;1.62E+12;2021-03-23T09:16:42
1_2_LC08_196028_20210330;11.2206821;4.38;1.003420798;LANDSAT_8;1.62E+12;2021-03-30T09:22:52
1_1_2_LE07_196028_20210407;7.5634007;3.89;1.003420798;LANDSAT_7;1.62E+12;2021-04-07T08:34:15
1_2_LC08_195028_20210408;9.66206498;1.8;0.957916217;LANDSAT_8;1.62E+12;2021-04-08T09:16:38
1_2_LC08_196028_20210415;8.58197066;2.11;1.003420798;LANDSAT_8;1.62E+12;2021-04-15T09:22:46
1_1_2_LE07_196028_20210423;9.38862338;3.84;1.003420798;LANDSAT_7;1.62E+12;2021-04-23T08:32:54
1_2_LC08_195028_20210424;13.46290322;1.67;0.957916217;LANDSAT_8;1.62E+12;2021-04-24T09:16:31
1_2_LC08_195028_20210526;10.50973394;3.57;0.957916217;LANDSAT_8;1.62E+12;2021-05-26T09:16:36
1_1_2_LE07_196028_20210610;18.98300552;2.51;1.003420798;LANDSAT_7;1.62E+12;2021-06-10T08:28:52
1_2_LC08_195028_20210611;22.81118792;2.07;0.957916217;LANDSAT_8;1.62E+12;2021-06-11T09:16:43
1_2_LC08_196028_20210720;21.02014544;3.66;1.003420798;LANDSAT_8;1.63E+12;2021-07-20T09:23:02
1_2_LC08_195028_20210729;23.06753942;2.06;0.957916217;LANDSAT_8;1.63E+12;2021-07-29T09:16:56
1_2_LC08_195028_20210814;25.12518746;2.65;0.957916217;LANDSAT_8;1.63E+12;2021-08-14T09:17:02
1_2_LC08_196028_20210821;23.2350224;2.23;1.003420798;LANDSAT_8;1.63E+12;2021-08-21T09:23:15
1_1_2_LE07_196028_20210829;20.0220836;3.54;1.003420798;LANDSAT_7;1.63E+12;2021-08-29T08:22:01
1_2_LC08_195028_20210830;20.93811296;4.86;0.957916217;LANDSAT_8;1.63E+12;2021-08-30T09:17:07
1_2_LC08_196028_20210906;21.94301084;2.36;1.003420798;LANDSAT_8;1.63E+12;2021-09-06T09:23:20
1_2_LC08_196028_20210922;19.85801864;3.35;1.003420798;LANDSAT_8;1.63E+12;2021-09-22T09:23:23
1_1_2_LE07_196028_20210930;15.17874926;2.87;1.003420798;LANDSAT_7;1.63E+12;2021-09-30T08:19:11
1_2_LC08_195028_20211001;18.27547538;1.63;0.957916217;LANDSAT_8;1.63E+12;2021-10-01T09:17:16
1_1_2_LE07_196028_20211016;14.24904782;2.14;1.003420798;LANDSAT_7;1.63E+12;2021-10-16T08:17:46
1_2_LC08_195028_20211017;14.6728823;2.1;0.957916217;LANDSAT_8;1.63E+12;2021-10-17T09:17:20
1_2_LC08_196028_20211024;13.35352658;3.37;1.003420798;LANDSAT_8;1.64E+12;2021-10-24T09:23:31
1_1_2_LE07_195028_20211025;12.72802892;2.23;0.957916217;LANDSAT_7;1.64E+12;2021-10-25T08:10:46
2_LC09_195028_20211106;11.8017455;3.23;0.957916217;LANDSAT_9;1.64E+12;2021-11-06T09:19:28
1_1_2_LE07_196028_20211203;7.14640226;3.49;1.003420798;LANDSAT_7;1.64E+12;2021-12-03T08:13:14
2_LC09_195028_20220113;5.8031204;2.12;0.957916217;LANDSAT_9;1.64E+12;2022-01-13T09:17:08
1_2_LC08_195028_20220121;6.03896378;2.17;0.957916217;LANDSAT_8;1.64E+12;2022-01-21T09:17:05
1_2_LC08_196028_20220128;6.65420738;2.18;1.003420798;LANDSAT_8;1.64E+12;2022-01-28T09:23:13
2_LC09_195028_20220129;6.55166678;2.12;0.957916217;LANDSAT_9;1.64E+12;2022-01-29T09:17:10
1_1_2_LE07_196028_20220205;6.71231372;2.18;1.003420798;LANDSAT_7;1.64E+12;2022-02-05T08:07:01
2_LC09_196028_20220205;7.14640226;2.11;1.003420798;LANDSAT_9;1.64E+12;2022-02-05T09:23:20
1_2_LC08_196028_20220213;6.51065054;3.44;1.003420798;LANDSAT_8;1.64E+12;2022-02-13T09:23:10
1_2_LC08_195028_20220222;7.00968146;2.11;0.957916217;LANDSAT_8;1.65E+12;2022-02-22T09:16:56
1_2_LC08_196028_20220301;6.51406856;2.16;1.003420798;LANDSAT_8;1.65E+12;2022-03-01T09:23:06
1_1_2_LE07_195028_20220302;5.89540694;2.23;0.957916217;LANDSAT_7;1.65E+12;2022-03-02T07:58:21
1_1_2_LE07_196028_20220309;6.24062696;3.55;1.003420798;LANDSAT_7;1.65E+12;2022-03-09T08:03:51
2_LC09_196028_20220309;7.36857356;2.12;1.003420798;LANDSAT_9;1.65E+12;2022-03-09T09:23:07
1_2_LC08_195028_20220310;8.06926766;1.85;0.957916217;LANDSAT_8;1.65E+12;2022-03-10T09:16:53
1_1_2_LE07_196028_20220325;8.74603562;3.5;1.003420798;LANDSAT_7;1.65E+12;2022-03-25T08:02:17
2_LC09_196028_20220325;9.89107232;3.7;1.003420798;LANDSAT_9;1.65E+12;2022-03-25T09:23:02
1_2_LC08_195028_20220326;10.64303672;1.56;0.957916217;LANDSAT_8;1.65E+12;2022-03-26T09:16:41
1_1_2_LE07_195028_20220403;7.20109058;3.79;0.957916217;LANDSAT_7;1.65E+12;2022-04-03T07:55:14
2_LC09_196028_20220410;7.8026621;3.23;1.003420798;LANDSAT_9;1.65E+12;2022-04-10T09:22:59
1_2_LC08_196028_20220418;10.81735574;2.57;1.003420798;LANDSAT_8;1.65E+12;2022-04-18T09:22:54
2_LC09_196028_20220426;9.33051704;5.66;1.003420798;LANDSAT_9;1.65E+12;2022-04-26T09:22:50
1_2_LC08_195028_20220427;11.28220646;1.52;0.957916217;LANDSAT_8;1.65E+12;2022-04-27T09:16:40
1_1_2_LE07_196028_20220511;16.06743446;3.49;1.003420798;LANDSAT_7;1.65E+12;2022-05-11T07:56:38
2_LC09_195028_20220521;19.50596258;2.14;0.957916217;LANDSAT_9;1.65E+12;2022-05-21T09:16:25
1_1_2_LE07_196028_20220528;19.01718572;3.46;1.003420798;LANDSAT_7;1.65E+12;2022-05-28T07:55:55
2_LC09_196028_20220528;19.9879034;2.04;1.003420798;LANDSAT_9;1.65E+12;2022-05-28T09:22:35
2_LC09_196028_20220629;24.00749492;2.27;1.003420798;LANDSAT_9;1.66E+12;2022-06-29T09:22:57
1_2_LC08_196028_20220707;24.03483908;2.19;1.003420798;LANDSAT_8;1.66E+12;2022-07-07T09:23:19
2_LC09_195028_20220708;23.3204729;1.89;0.957916217;LANDSAT_9;1.66E+12;2022-07-08T09:16:44
1_1_2_LE07_195028_20220713;22.02846134;2.35;0.957916217;LANDSAT_7;1.66E+12;2022-07-13T07:47:16
2_LC09_196028_20220715;24.7731314;3.52;1.003420798;LANDSAT_9;1.66E+12;2022-07-15T09:22:53
1_2_LC08_195028_20220716;24.74920526;1.99;0.957916217;LANDSAT_8;1.66E+12;2022-07-16T09:17:07
2_LC09_195028_20220724;27.10422104;2.07;0.957916217;LANDSAT_9;1.66E+12;2022-07-24T09:16:52
1_1_2_LE07_195028_20220730;23.67252896;2.13;0.957916217;LANDSAT_7;1.66E+12;2022-07-30T07:45:56
2_LC09_196028_20220731;26.42061704;3.6;1.003420798;LANDSAT_9;1.66E+12;2022-07-31T09:23:08
1_2_LC08_195028_20220801;26.37618278;2.04;0.957916217;LANDSAT_8;1.66E+12;2022-08-01T09:17:20
1_2_LC08_196028_20220808;25.54560392;3.6;1.003420798;LANDSAT_8;1.66E+12;2022-08-08T09:23:34
2_LC09_195028_20220809;25.217474;1.77;0.957916217;LANDSAT_9;1.66E+12;2022-08-09T09:17:03
1_1_2_LE07_195028_20220816;23.0812115;2.36;0.957916217;LANDSAT_7;1.66E+12;2022-08-16T07:44:29
2_LC09_196028_20220816;25.2687443;2.2;1.003420798;LANDSAT_9;1.66E+12;2022-08-16T09:23:17
1_1_2_LE07_196028_20220821;22.34975522;2.25;0.844904936;LANDSAT_7;1.66E+12;2022-08-21T07:49:50
2_LC09_195028_20220825;18.9283172;3.8;0.957916217;LANDSAT_9;1.66E+12;2022-08-25T09:17:08
2_LC09_196028_20220901;24.13396166;3.49;1.003420798;LANDSAT_9;1.66E+12;2022-09-01T09:23:19
1_1_2_LE07_195028_20220902;21.63880706;2.42;0.957916217;LANDSAT_7;1.66E+12;2022-09-02T07:42:54
1_2_LC08_196028_20220909;22.42495166;2.09;1.003420798;LANDSAT_8;1.66E+12;2022-09-09T09:23:40
2_LC09_196028_20220917;19.3726598;3.6;1.003420798;LANDSAT_9;1.66E+12;2022-09-17T09:23:23
1_2_LC08_195028_20220918;20.06993588;1.56;0.957916217;LANDSAT_8;1.66E+12;2022-09-18T09:17:33
1_2_LC08_195028_20221004;12.49902158;2.14;0.957916217;LANDSAT_8;1.66E+12;2022-10-04T09:17:31
1_1_2_LE07_195028_20221006;16.24175348;3.53;0.957916217;LANDSAT_7;1.67E+12;2022-10-06T07:39:17
1_2_LC08_196028_20221011;17.2193072;2;1.003420798;LANDSAT_8;1.67E+12;2022-10-11T09:23:36
2_LC09_196028_20221019;16.12895882;2.81;1.003420798;LANDSAT_9;1.67E+12;2022-10-19T09:23:32
1_2_LC08_196028_20221027;15.75981266;3.52;1.003420798;LANDSAT_8;1.67E+12;2022-10-27T09:23:43
