x,y,y1,y2,y3,y4,y5,y6,y7,y8,y9,y10,y11,y12,y13,y14,y15,y16,y17
1646006400,2.5810000000000004,64.37,0.001,1.807,49.47,0,984,0,0,0,0,0,0,0,0,0,0,0
1646007000,2.311,66.76,0.001,1.7630000000000001,45.82,0,984,0,0,0,0,0,0,0,0,0,0,0
1646007600,2.421,63.94,0.001,1.635,30.03,0,984,0,0,0,0,0,0,0,0,0,0,0
1646008200,2.403,66,0.001,1.266,31.43,0,984,0,0,0,0,0,0,0,0,0,0,0
1646008800,2.296,64.67,0.001,1.102,39.02,0,984,0,0,0,0,0,0,0,0,0,0,0
1646009400,2.544,63.95,0.001,1.19,14.46,0,984,0,0,0,0,0,0,0,0,0,0,0
1646010000,2.665,66.97,0.001,1.445,11.88,0,984,0,0,0,0,0,0,0,0,0,0,0
1646010600,2.71,64.07,0.001,1.0490000000000002,346.8,0,985,0,0,0,0,0,0,0,0,0,0,0
1646011200,2.3409999999999997,66.8,0.001,0.965,52.45,0,985,0,0,0,0,0,0,0,0,0,0,0
1646011800,2.113,66.91,0.001,1.053,47.28,0,984,0,0,0,0,0,0,0,0,0,0,0
1646012400,2.0140000000000002,65.91,0.001,1.454,52.65,0,985,0,0,0,0,0,0,0,0,0,0,0
1646013000,1.9780000000000002,67.34,0.001,1.28,35.13,0,985,0,0,0,0,0,0,0,0,0,0,0
1646013600,2.14,66.09,0.001,1.045,53.64,0,985,0,0,0,0,0,0,0,0,0,0,0
1646014200,1.953,67.16,0.001,1.053,64.08,0,985,0,0,0,0,0,0,0,0,0,0,0
1646014800,1.922,70.87,0.001,1.685,45.35,0,985,0,0,0,0,0,0,0,0,0,0,0
1646015400,2.0580000000000003,69.59,0.001,1.483,54.49,0,985,0,0,0,0,0,0,0,0,0,0,0
1646016000,1.953,70.44,0.001,1.797,39.37,0,985,0,0,0,0,0,0,0,0,0,0,0
1646016600,1.8090000000000002,71.68,0.001,1.6580000000000001,24.65,0,985,0,0,0,0,0,0,0,0,0,0,0
1646017200,1.795,71.04,0.001,1.301,22.62,0,985,0,0,0,0,0,0,0,0,0,0,0
1646017800,1.768,69.78,0.001,1.3030000000000002,34.48,0,985,0,0,0,0,0,0,0,0,0,0,0
1646018400,1.859,68.91,0.001,1.8530000000000002,25.71,0,985,0,0,0,0,0,0,0,0,0,0,0
1646019000,1.804,70.65,0.001,1.7619999999999998,30.41,0,985,0,0,0,0,0,0,0,0,0,0,0
1646019600,1.98,68.2,0.001,1.7309999999999999,18.58,0,985,0,0,0,0,0,0,0,0,0,0,0
1646020200,2.032,66.89,0.001,2.15,9.38,0,985,0,0,0,0,0,0,0,0,0,0,0
1646020800,1.9969999999999999,70.12,0.001,2.274,17.05,0,985,0,0,0,0,0,0,0,0,0,0,0
1646021400,1.817,68.11,0.001,2.1519999999999997,21.44,0,985,0,0,0,0,0,0,0,0,0,0,0
1646022000,1.8359999999999999,67.99,0.001,2.334,15.54,0,985,0,0,0,0,0,0,0,0,0,0,0
1646022600,1.607,69.25,0.001,2.185,53.35,0,985,0,0,0,0,0,0,0,0,0,0,0
1646023200,1.36,69.55,0.001,2.3480000000000003,44.56,0,986,0,0,0,0,0,0,0,0,0,0,0
1646023800,1.426,69,0.001,2.0980000000000003,34.34,0,986,0,0,0,0,0,0,0,0,0,0,0
1646024400,1.235,69.58,0.001,1.916,35.74,0,986,0,0,0,0,0,0,0,0,0,0,0
1646025000,1.381,69.59,0.001,1.392,21.96,0,986,0,0,0,0,0,0,0,0,0,0,0
1646025600,1.51,69.69,0.001,1.2009999999999998,20.13,0,986,0,0,0,0,0,0,0,0,0,0,0
1646026200,1.416,70.3,0.002,1.3,18.62,0,986,0,0,0,0,0,0,0,0,0,0,0
1646026800,1.595,69.87,0.005,1.87,11.08,0,986,0,0,0,0,0,0,0,0,0,0,0
1646027400,1.785,71.9,0.068,2.206,18.78,0,986,0,0,0,0,0,0,0,0,0,0,0
1646028000,1.609,71.92,0.562,2.052,24.49,0,986,0,0,0,0,0,0,0,0,0,0,0
1646028600,1.4780000000000002,72.36,2.082,1.9280000000000002,23.9,0,986,0,0,0,0,0,0,0,0,0,0,0
1646029200,1.452,72.44,4.749,1.819,30.39,0,986,0,0,0,0,0,0,0,0,0,0,0
1646029800,1.315,73.38,9.77,1.7819999999999998,23.36,0,986,0,0,0,0,0,0,0,0,0,0,0
1646030400,1.416,74.02,28.53,1.794,23.95,0,986,0,0,0,0,0,0,0,0,0,0,0
1646031000,1.454,72.44,67.08,1.796,25.37,0,986,0,0,0,0,0,0,0,0,0,0,0
1646031600,1.5730000000000002,73.05,93,1.5819999999999999,29.64,0,986,0,0,0,0,0,0,0,0,0,0,0
1646032200,1.629,71.97,122.7,1.32,52.73,0,986,0,0,0,0,0,0,0,0,0,0,0
1646032800,1.797,71.47,151,1.795,51.57,0,986,0,0,0,0,0,0,0,0,0,0,0
1646033400,2.119,71.13,180.5,1.4269999999999998,33.49,0,986,0,0,0,0,0,0,0,0,0,0,0
1646034000,2.6439999999999997,68.1,206.3,1.1159999999999999,52.11,0,986,0,0,0,0,0,0,0,0,0,0,0
1646034600,2.93,66.97,234.3,0.9590000000000001,60.61,0,986,0,0,0,0,0,0,0,0,0,0,0
1646035200,3.418,64.71,262.7,1.235,107.6,0,986,0,0,0,0,0,0,0,0,0,0,0
1646035800,3.391,63.06,290.9,1.605,116.3,0,986,0,0,0,0,0,0,0,0,0,0,0
1646036400,3.4539999999999997,61.19,318.1,2.002,129.5,0,986,0,0,0,0,0,0,0,0,0,0,0
1646037000,3.531,60.03,343.8,1.794,133.8,0,986,0,0,0,0,0,0,0,0,0,0,0
1646037600,3.588,57.61,370.3,1.804,142.9,0,986,0,0,0,0,0,0,0,0,0,0,0
1646038200,3.554,55.99,394.1,1.827,150.5,0,986,0,0,0,0,0,0,0,0,0,0,0
1646038800,3.5210000000000004,57.05,415.5,2.17,148.9,0,986,0,0,0,0,0,0,0,0,0,0,0
1646039400,3.523,58.97,436.6,2.3930000000000002,150.4,0,986,0,0,0,0,0,0,0,0,0,0,0
1646040000,3.707,60.12,456.4,2.224,145.4,0,986,0,0,0,0,0,0,0,0,0,0,0
1646040600,3.7310000000000003,58.07,475,2.3930000000000002,135.4,0,986,0,0,0,0,0,0,0,0,0,0,0
1646041200,3.698,53.59,492.3,2.144,135.5,0,986,0,0,0,0,0,0,0,0,0,0,0
1646041800,3.812,54.66,510.2,1.557,149.6,0,986,0,0,0,0,0,0,0,0,0,0,0
1646042400,3.9530000000000003,54.51,525.7,1.296,166.7,0,986,0,0,0,0,0,0,0,0,0,0,0
1646043000,4.013,56.27,540.1,1.1540000000000001,176.3,0,986,0,0,0,0,0,0,0,0,0,0,0
1646043600,4.3839999999999995,55.24,551.4,0.8140000000000001,169.2,0,986,0,0,0,0,0,0,0,0,0,0,0
1646044200,4.76,54.13,561.4,0.679,184.7,0,986,0,0,0,0,0,0,0,0,0,0,0
1646044800,4.423,54.7,571,1.026,218.8,0,986,0,0,0,0,0,0,0,0,0,0,0
1646045400,4.325,53.47,580.4,0.847,204.3,0,986,0,0,0,0,0,0,0,0,0,0,0
1646046000,4.724,54.12,586.7,1.06,185.9,0,985,0,0,0,0,0,0,0,0,0,0,0
1646046600,4.504,57.11,593.7,1.185,179.8,0,985,0,0,0,0,0,0,0,0,0,0,0
1646047200,4.5169999999999995,56.32,596.1,1.464,189.1,0,985,0,0,0,0,0,0,0,0,0,0,0
1646047800,4.612,57.3,597.8,1.224,192.9,0,985,0,0,0,0,0,0,0,0,0,0,0
1646048400,4.796,53.93,598.8,0.95,192.2,0,985,0,0,0,0,0,0,0,0,0,0,0
1646049000,5.527,52.14,597.3,0.496,191.9,0,985,0,0,0,0,0,0,0,0,0,0,0
1646049600,5.403,56.47,595.4,0.981,224,0,985,0,0,0,0,0,0,0,0,0,0,0
1646050200,4.914,62.03,592.1,1.155,207.3,0,985,0,0,0,0,0,0,0,0,0,0,0
1646050800,4.922,60.07,587.3,0.968,208.2,0,985,0,0,0,0,0,0,0,0,0,0,0
1646051400,5.199,58.45,580.4,0.9,178.9,0,984,0,0,0,0,0,0,0,0,0,0,0
1646052000,5.46,59.66,571.5,0.696,185.4,0,984,0,0,0,0,0,0,0,0,0,0,0
1646052600,5.952999999999999,55.97,562.4,0.34,169.8,0,984,0,0,0,0,0,0,0,0,0,0,0
1646053200,6.176,53.5,553,0.40700000000000003,187.5,0,984,0,0,0,0,0,0,0,0,0,0,0
1646053800,6.599,53.76,544.3,0.397,213.4,0,984,0,0,0,0,0,0,0,0,0,0,0
1646054400,6.155,51.18,533.6,0.442,180.1,0,984,0,0,0,0,0,0,0,0,0,0,0
1646055000,6.598,49.95,518.5,0.214,167.1,0,984,0,0,0,0,0,0,0,0,0,0,0
1646055600,6.979,47.11,505.1,0.22,198.3,0,984,0,0,0,0,0,0,0,0,0,0,0
1646056200,6.861000000000001,49.19,488.7,0.523,186.2,0,984,0,0,0,0,0,0,0,0,0,0,0
1646056800,6.814,47.72,471.5,0.446,187.1,0,984,0,0,0,0,0,0,0,0,0,0,0
1646057400,6.651,48.95,451.5,0.434,180.6,0,984,0,0,0,0,0,0,0,0,0,0,0
1646058000,6.55,50.36,430.9,0.256,212.2,0,984,0,0,0,0,0,0,0,0,0,0,0
1646058600,6.672999999999999,51.6,410,0.48,169,0,983,0,0,0,0,0,0,0,0,0,0,0
1646059200,7.053999999999999,51.38,387.4,0.207,174.2,0,983,0,0,0,0,0,0,0,0,0,0,0
1646059800,7.487,49.52,362.6,0.055999999999999994,220.6,0,983,0,0,0,0,0,0,0,0,0,0,0
1646060400,7.082999999999999,53.43,338.8,0.695,156.3,0,983,0,0,0,0,0,0,0,0,0,0,0
1646061000,6.553999999999999,55.38,315.6,0.94,191.3,0,983,0,0,0,0,0,0,0,0,0,0,0
1646061600,6.53,55.78,290.3,1.202,153.6,0,983,0,0,0,0,0,0,0,0,0,0,0
1646062200,6.627999999999999,56.44,264.2,0.629,146.2,0,983,0,0,0,0,0,0,0,0,0,0,0
1646062800,6.598,53.93,238.3,0.182,113.5,0,983,0,0,0,0,0,0,0,0,0,0,0
1646063400,7.0329999999999995,52.95,213.3,0.22699999999999998,170.8,0,983,0,0,0,0,0,0,0,0,0,0,0
1646064000,7.599,55.74,186.7,0.425,195.5,0,983,0,0,0,0,0,0,0,0,0,0,0
1646064600,7.018,58.32,161.5,0.9440000000000001,192.4,0,983,0,0,0,0,0,0,0,0,0,0,0
1646065200,6.8260000000000005,60.5,139.3,1.117,201.1,0,983,0,0,0,0,0,0,0,0,0,0,0
1646065800,6.794,62.26,116.5,1.365,218.4,0,983,0,0,0,0,0,0,0,0,0,0,0
1646066400,6.809,61.88,94.2,0.511,177.1,0,983,0,0,0,0,0,0,0,0,0,0,0
1646067000,6.694,63.42,72.92,0.679,154.4,0,983,0,0,0,0,0,0,0,0,0,0,0
1646067600,6.54,63.24,54.75,0.56,149.2,0,982,0,0,0,0,0,0,0,0,0,0,0
1646068200,6.484,65.51,27.96,0.667,138.7,0,983,0,0,0,0,0,0,0,0,0,0,0
1646068800,6.332000000000001,65.96,6.428999999999999,0.36200000000000004,165.7,0,983,0,0,0,0,0,0,0,0,0,0,0
1646069400,6.27,67,2.885,0.466,154.2,0,983,0,0,0,0,0,0,0,0,0,0,0
1646070000,6.222,67.96,0.642,0.292,126.6,0,983,0,0,0,0,0,0,0,0,0,0,0
1646070600,6.167000000000001,67.95,0.06,0.215,124.3,0,983,0,0,0,0,0,0,0,0,0,0,0
1646071200,6.171,66.72,0.005,0.348,178.6,0,983,0,0,0,0,0,0,0,0,0,0,0
1646071800,6.268,69.55,0.001,0.193,196.2,0,983,0,0,0,0,0,0,0,0,0,0,0
1646072400,6.164,73.12,0.001,0.252,92.5,0,983,0,0,0,0,0,0,0,0,0,0,0
1646073000,6.02,73.66,0.001,0.348,32.73,0,983,0,0,0,0,0,0,0,0,0,0,0
1646073600,5.94,72.04,0.001,0.473,82.9,0,983,0,0,0,0,0,0,0,0,0,0,0
1646074200,6.053999999999999,71.48,0.001,0.723,15.37,0,983,0,0,0,0,0,0,0,0,0,0,0
1646074800,6.034,72.96,0.001,0.28300000000000003,15.79,0,983,0,0,0,0,0,0,0,0,0,0,0
1646075400,5.943,76.33,0.001,0.337,294.8,0,983,0,0,0,0,0,0,0,0,0,0,0
1646076000,5.726,74.13,0.001,0.752,165.3,0,983,0,0,0,0,0,0,0,0,0,0,0
1646076600,6.497000000000001,72.93,0.001,0.997,172,0,983,0,0,0,0,0,0,0,0,0,0,0
1646077200,6.024,72.04,0.001,0.111,72.38,0,983,0,0,0,0,0,0,0,0,0,0,0
1646077800,6.2170000000000005,58.93,0.001,0.684,235,0,983,0,0,0,0,0,0,0,0,0,0,0
1646078400,6.917999999999999,48.88,0.001,0.872,341.2,0,982,0,0,0,0,0,0,0,0,0,0,0
1646079000,7.151,50.03,0.002,0.586,359,0,983,0,0,0,0,0,0,0,0,0,0,0
1646079600,6.59,56.38,0.001,1.528,40.29,0,982,0,0,0,0,0,0,0,0,0,0,0
1646080200,6.07,60.59,0.001,1.429,26.29,0,982,0,0,0,0,0,0,0,0,0,0,0
1646080800,5.934,55.19,0.001,0.457,30.96,0,982,0,0,0,0,0,0,0,0,0,0,0
1646081400,6.269,49.75,0.001,1.067,34.05,0,982,0,0,0,0,0,0,0,0,0,0,0
1646082000,6.255,51.13,0.001,0.48,49.33,0,982,0,0,0,0,0,0,0,0,0,0,0
1646082600,6.131,50.37,0.001,0.23600000000000002,150.2,0,983,0,0,0,0,0,0,0,0,0,0,0
1646083200,6.114,52.1,0.001,0.332,352.4,0,982,0,0,0,0,0,0,0,0,0,0,0
1646083800,6.0729999999999995,51.32,0.001,0.563,356.3,0,982,0,0,0,0,0,0,0,0,0,0,0
1646084400,6.109,50.58,0.001,0.925,338,0,982,0,0,0,0,0,0,0,0,0,0,0
1646085000,5.97,53.37,0.001,0.825,38.09,0,982,0,0,0,0,0,0,0,0,0,0,0
1646085600,5.684,53.97,0.001,0.6829999999999999,96.3,0,982,0,0,0,0,0,0,0,0,0,0,0
1646086200,5.606,56.14,0.001,1.212,66.7,0,982,0,0,0,0,0,0,0,0,0,0,0
1646086800,5.614,56.08,0.001,1.0859999999999999,59.33,0,982,0,0,0,0,0,0,0,0,0,0,0
1646087400,5.66,56.04,0.001,1.742,85.6,0,982,0,0,0,0,0,0,0,0,0,0,0
1646088000,5.665,56.72,0.001,1.744,76.05,0,982,0,0,0,0,0,0,0,0,0,0,0
1646088600,5.685,53.96,0.001,1.17,38.42,0,982,0,0,0,0,0,0,0,0,0,0,0
1646089200,5.5489999999999995,55.08,0.001,0.907,107.7,0,982,0,0,0,0,0,0,0,0,0,0,0
1646089800,5.577999999999999,54.84,0.001,1.364,85.6,0,982,0,0,0,0,0,0,0,0,0,0,0
1646090400,5.715,56.22,0.001,2.5789999999999997,97.7,0,982,0,0,0,0,0,0,0,0,0,0,0
1646091000,5.778,53.24,0.001,2.441,68.64,0,982,0,0,0,0,0,0,0,0,0,0,0
1646091600,5.437,55.92,0.001,2.822,112.5,0,982,0,0,0,0,0,0,0,0,0,0,0
1646092200,5.039,55.99,0.001,2.47,107.1,0,982,0,0,0,0,0,0,0,0,0,0,0
1646092800,5.147,53.57,0.001,2.022,59.56,0,982,0,0,0,0,0,0,0,0,0,0,0
1646093400,5.1579999999999995,57.6,0.001,1.8940000000000001,77.97,0,982,0,0,0,0,0,0,0,0,0,0,0
1646094000,4.468999999999999,57.15,0.001,4.856,52.71,0,982,0,0,0,0,0,0,0,0,0,0,0
1646094600,4.571000000000001,57.81,0.001,3.2310000000000003,29.71,0,982,0,0,0,0,0,0,0,0,0,0,0
1646095200,4.814,55.86,0.001,2.662,36.62,0,982,0,0,0,0,0,0,0,0,0,0,0
1646095800,5.143,54.78,0.001,3.63,60.92,0,982,0,0,0,0,0,0,0,0,0,0,0
1646096400,5.066,58.03,0.001,3.51,79.07,0,982,0,0,0,0,0,0,0,0,0,0,0
1646097000,4.774,59.68,0.001,2.323,63.77,0,982,0,0,0,0,0,0,0,0,0,0,0
1646097600,4.543,60.32,0.001,2.18,87.9,0,982,0,0,0,0,0,0,0,0,0,0,0
1646098200,4.4719999999999995,60.77,0.001,3.065,78.25,0,982,0,0,0,0,0,0,0,0,0,0,0
1646098800,4.3260000000000005,60.55,0.001,3.1660000000000004,72.49,0,982,0,0,0,0,0,0,0,0,0,0,0
1646099400,4.07,60.12,0.001,2.1919999999999997,73.63,0,982,0,0,0,0,0,0,0,0,0,0,0
1646100000,4.092,60.11,0.001,2.016,87.2,0,982,0,0,0,0,0,0,0,0,0,0,0
1646100600,4.008,59.12,0.001,2.695,89.6,0,982,0,0,0,0,0,0,0,0,0,0,0
1646101200,4.12,63.48,0.001,3.175,69.7,0,982,0,0,0,0,0,0,0,0,0,0,0
1646101800,4.085,59.64,0.001,3.8710000000000004,65.46,0,983,0,0,0,0,0,0,0,0,0,0,0
1646102400,3.8960000000000004,61.02,0.001,3.347,55.6,0,983,0,0,0,0,0,0,0,0,0,0,0
1646103000,3.748,60.12,0.001,3.967,62.21,0,983,0,0,0,0,0,0,0,0,0,0,0
1646103600,3.517,62.61,0.001,4.949,84.2,0,983,0,0,0,0,0,0,0,0,0,0,0
1646104200,3.5580000000000003,62.41,0.001,4.586,63.48,0,983,0,0,0,0,0,0,0,0,0,0,0
1646104800,3.565,57.68,0.001,5.544,77.32,0,983,0,0,0,0,0,0,0,0,0,0,0
1646105400,3.477,59.77,0.001,5.504,80.4,0,983,0,0,0,0,0,0,0,0,0,0,0
1646106000,3.677,57,0.001,6.6160000000000005,55.84,0,983,0,0,0,0,0,0,0,0,0,0,0
1646106600,3.4219999999999997,57.31,0.001,4.105,67.57,0,983,0,0,0,0,0,0,0,0,0,0,0
1646107200,3.841,58.11,0.001,4.173,34.15,0,983,0,0,0,0,0,0,0,0,0,0,0
1646107800,3.384,62.9,0.001,3.412,30.64,0,983,0,0,0,0,0,0,0,0,0,0,0
1646108400,2.969,61.84,0.001,2.665,29.8,0,983,0,0,0,0,0,0,0,0,0,0,0
1646109000,2.938,61.23,0.001,1.865,28.01,0,983,0,0,0,0,0,0,0,0,0,0,0
1646109600,2.8819999999999997,61.98,0.001,2.4659999999999997,53.69,0,983,0,0,0,0,0,0,0,0,0,0,0
1646110200,3.04,63.07,0.001,2.657,35.88,0,983,0,0,0,0,0,0,0,0,0,0,0
1646110800,3.0669999999999997,61.52,0.001,2.344,28.12,0,983,0,0,0,0,0,0,0,0,0,0,0
1646111400,3.103,60.73,0.001,1.682,15.54,0,983,0,0,0,0,0,0,0,0,0,0,0
1646112000,2.884,63.14,0.001,1.4340000000000002,47.65,0,983,0,0,0,0,0,0,0,0,0,0,0
1646112600,2.522,65.29,0.001,1.166,46.32,0,983,0,0,0,0,0,0,0,0,0,0,0
1646113200,2.48,64.96,0.006999999999999999,0.883,60.2,0,983,0,0,0,0,0,0,0,0,0,0,0
1646113800,2.464,65.68,0.086,0.885,61.17,0,983,0,0,0,0,0,0,0,0,0,0,0
1646114400,2.3169999999999997,66.45,0.6679999999999999,1.492,63.77,0,983,0,0,0,0,0,0,0,0,0,0,0
1646115000,2.226,66.36,2.406,1.761,53.96,0,983,0,0,0,0,0,0,0,0,0,0,0
1646115600,2.1630000000000003,66.23,5.477,1.726,56.88,0,983,0,0,0,0,0,0,0,0,0,0,0
1646116200,2.113,65.15,9.93,1.8519999999999999,62.01,0,983,0,0,0,0,0,0,0,0,0,0,0
1646116800,2.194,65.46,30.86,1.74,79.8,0,983,0,0,0,0,0,0,0,0,0,0,0
1646117400,2.3819999999999997,67.82,70.45,1.6969999999999998,83.8,0,983,0,0,0,0,0,0,0,0,0,0,0
1646118000,2.551,64.19,98.7,1.838,89.6,0,983,0,0,0,0,0,0,0,0,0,0,0
1646118600,2.752,62.97,126.7,1.929,93.2,0,983,0,0,0,0,0,0,0,0,0,0,0
1646119200,3.0180000000000002,62.36,155.3,1.568,93,0,983,0,0,0,0,0,0,0,0,0,0,0
1646119800,3.1660000000000004,62.25,185.1,1.0979999999999999,62.44,0,983,0,0,0,0,0,0,0,0,0,0,0
1646120400,3.5460000000000003,59.8,212.5,1.057,86.8,0,984,0,0,0,0,0,0,0,0,0,0,0
1646121000,4.279,58.18,243.2,0.532,93.9,0,984,0,0,0,0,0,0,0,0,0,0,0
1646121600,4.468999999999999,59.09,270.1,0.027000000000000003,221.3,0,984,0,0,0,0,0,0,0,0,0,0,0
1646122200,4.099,63.08,295.1,0.47,230,0,984,0,0,0,0,0,0,0,0,0,0,0
1646122800,3.873,66.73,320.6,1.325,228.9,0,984,0,0,0,0,0,0,0,0,0,0,0
1646123400,3.944,66.04,344.9,1.11,223.9,0,984,0,0,0,0,0,0,0,0,0,0,0
1646124000,3.925,68.73,372.7,1.901,219.8,0,984,0,0,0,0,0,0,0,0,0,0,0
1646124600,3.853,69.77,399.2,1.8430000000000002,224.4,0,984,0,0,0,0,0,0,0,0,0,0,0
1646125200,3.804,69.04,426.4,1.695,213,0,984,0,0,0,0,0,0,0,0,0,0,0
1646125800,3.96,69.24,455.7,1.432,185.1,0,984,0,0,0,0,0,0,0,0,0,0,0
1646126400,3.93,70.14,429.5,1.645,183.5,0,984,0,0,0,0,0,0,0,0,0,0,0
1646127000,4.019,69.84,457.2,1.4140000000000001,193.2,0,984,0,0,0,0,0,0,0,0,0,0,0
1646127600,4.093,69.93,489.9,1.508,208,0,984,0,0,0,0,0,0,0,0,0,0,0
1646128200,4.018,71.04,493.2,1.786,219.4,0,984,0,0,0,0,0,0,0,0,0,0,0
1646128800,4.092,70.24,540.9,1.787,224.2,0,984,0,0,0,0,0,0,0,0,0,0,0
1646129400,4.257,68.89,550.1,1.3119999999999998,230.9,0,984,0,0,0,0,0,0,0,0,0,0,0
1646130000,4.638999999999999,67.99,588.4,1.422,248,0,984,0,0,0,0,0,0,0,0,0,0,0
1646130600,4.4910000000000005,66.83,616.1,1.785,234.2,0,984,0,0,0,0,0,0,0,0,0,0,0
1646131200,4.4,64.65,584.3,1.16,214.6,0,984,0,0,0,0,0,0,0,0,0,0,0
1646131800,4.609,65.06,458.9,1.331,172.5,0,984,0,0,0,0,0,0,0,0,0,0,0
1646132400,4.598,65.88,551.6,1.621,184.2,0,984,0,0,0,0,0,0,0,0,0,0,0
1646133000,4.586,67.55,616.9,2.128,191.5,0,984,0,0,0,0,0,0,0,0,0,0,0
1646133600,4.552,67.42,611.2,2.1830000000000003,192.9,0,984,0,0,0,0,0,0,0,0,0,0,0
1646134200,4.6610000000000005,65.96,618.8,2.185,188.4,0,984,0,0,0,0,0,0,0,0,0,0,0
1646134800,4.624,67.43,615.9,2.187,199.6,0,984,0,0,0,0,0,0,0,0,0,0,0
1646135400,4.8180000000000005,66.28,522.5,1.367,189.4,0,983,0,0,0,0,0,0,0,0,0,0,0
1646136000,5.031000000000001,63.71,547.3,1.273,210.3,0,983,0,0,0,0,0,0,0,0,0,0,0
1646136600,5.441,61.94,614,0.642,184.3,0,984,0,0,0,0,0,0,0,0,0,0,0
1646137200,5.96,58.75,587.2,0.762,214.6,0,983,0,0,0,0,0,0,0,0,0,0,0
1646137800,6.225,50.46,602.1,0.23199999999999998,207.8,0,983,0,0,0,0,0,0,0,0,0,0,0
1646138400,6.651,55.52,591,0.385,162.6,0,983,0,0,0,0,0,0,0,0,0,0,0
1646139000,5.74,59.38,582.2,1.094,150.8,0,983,0,0,0,0,0,0,0,0,0,0,0
1646139600,5.599,62.41,571.3,0.965,135.3,0,983,0,0,0,0,0,0,0,0,0,0,0
1646140200,5.678,61.14,556.7,0.78,107.5,0,983,0,0,0,0,0,0,0,0,0,0,0
1646140800,5.861000000000001,62.31,545,0.708,83.1,0,983,0,0,0,0,0,0,0,0,0,0,0
1646141400,6.17,61.05,533.9,1.067,186.8,0,983,0,0,0,0,0,0,0,0,0,0,0
1646142000,6.215,62.25,519,1.09,189.5,0,983,0,0,0,0,0,0,0,0,0,0,0
1646142600,5.845,62.53,504.8,1.379,164,0,983,0,0,0,0,0,0,0,0,0,0,0
1646143200,5.79,63.9,488.4,1.364,161.4,0,983,0,0,0,0,0,0,0,0,0,0,0
1646143800,5.962999999999999,63.84,464,1.7990000000000002,168.3,0,983,0,0,0,0,0,0,0,0,0,0,0
1646144400,6.062,66.37,445.4,1.713,166.3,0,983,0,0,0,0,0,0,0,0,0,0,0
1646145000,6.02,66.61,464,1.851,147.5,0,983,0,0,0,0,0,0,0,0,0,0,0
1646145600,6.056,68.06,406.5,2.26,130.1,0,982,0,0,0,0,0,0,0,0,0,0,0
1646146200,6.03,65.68,383.5,2.397,127.7,0,982,0,0,0,0,0,0,0,0,0,0,0
1646146800,6.172000000000001,62.06,350.2,2.6430000000000002,120,0,982,0,0,0,0,0,0,0,0,0,0,0
1646147400,6.245,62.24,343.2,2.678,124.9,0,982,0,0,0,0,0,0,0,0,0,0,0
1646148000,6.297999999999999,64.64,316.8,2.61,127.7,0,982,0,0,0,0,0,0,0,0,0,0,0
1646148600,6.226,65.43,292.7,2.9960000000000004,131.8,0,982,0,0,0,0,0,0,0,0,0,0,0
1646149200,6.292000000000001,64.6,258.9,2.605,135.5,0,982,0,0,0,0,0,0,0,0,0,0,0
1646149800,6.311,64.11,225.4,2.363,131.7,0,982,0,0,0,0,0,0,0,0,0,0,0
1646150400,6.398,61.2,212.7,2.086,133.3,0,982,0,0,0,0,0,0,0,0,0,0,0
1646151000,6.53,62.32,150.8,2.464,128.5,0,982,0,0,0,0,0,0,0,0,0,0,0
1646151600,6.577999999999999,62.22,96.8,2.539,117.3,0,982,0,0,0,0,0,0,0,0,0,0,0
1646152200,6.632999999999999,61.72,68.71,2.455,117.6,0,982,0,0,0,0,0,0,0,0,0,0,0
1646152800,6.64,60.41,36.07,2.497,118.9,0,982,0,0,0,0,0,0,0,0,0,0,0
1646153400,6.712000000000001,57.27,34.2,2.063,115.8,0,982,0,0,0,0,0,0,0,0,0,0,0
1646154000,6.82,64.93,22.68,1.548,121.2,0,982,0,0,0,0,0,0,0,0,0,0,0
1646154600,6.819,66.02,14.19,1.5419999999999998,113,0,982,0,0,0,0,0,0,0,0,0,0,0
1646155200,6.85,70.53,5.675,1.642,118.8,0,982,0,0,0,0,0,0,0,0,0,0,0
1646155800,6.874,66.17,1.7380000000000002,2.148,115.4,0,982,0,0,0,0,0,0,0,0,0,0,0
1646156400,6.938,66.91,0.42100000000000004,2.201,109.6,0,982,0,0,0,0,0,0,0,0,0,0,0
1646157000,6.871,71.45,0.045,2.2640000000000002,114.7,0,982,0,0,0,0,0,0,0,0,0,0,0
1646157600,6.846,69.34,0.004,2.156,109,0,981,0,0,0,0,0,0,0,0,0,0,0
1646158200,6.428,62.2,0.001,1.008,55.53,0,982,0,0,0,0,0,0,0,0,0,0,0
1646158800,6.143,63.52,0.001,1.8519999999999999,53.06,0,982,0,0,0,0,0,0,0,0,0,0,0
1646159400,6.242000000000001,62.97,0.001,1.706,44.23,0,982,0,0,0,0,0,0,0,0,0,0,0
1646160000,6.075,60.28,0.001,1.656,40.58,0,981,0,0,0,0,0,0,0,0,0,0,0
1646160600,5.809,60.13,0.001,1.881,34.94,0,981,0,0,0,0,0,0,0,0,0,0,0
1646161200,5.794,57.44,0.001,1.952,14.32,0,981,0,0,0,0,0,0,0,0,0,0,0
1646161800,5.727,60.9,0.001,1.935,25.28,0,981,0,0,0,0,0,0,0,0,0,0,0
1646162400,5.58,59.34,0.001,1.821,23.93,0,981,0,0,0,0,0,0,0,0,0,0,0
1646163000,5.614,60.11,0.001,1.7719999999999998,25.67,0,981,0,0,0,0,0,0,0,0,0,0,0
1646163600,5.449,60.76,0.001,1.645,27.99,0,981,0,0,0,0,0,0,0,0,0,0,0
1646164200,5.444,59.71,0.001,1.23,24.21,0,981,0,0,0,0,0,0,0,0,0,0,0
1646164800,5.3,60.6,0.001,0.94,3.32,0,981,0,0,0,0,0,0,0,0,0,0,0
1646165400,5.59,61.33,0.001,0.626,353.3,0,981,0,0,0,0,0,0,0,0,0,0,0
1646166000,5.569,59.02,0.001,1.093,21.63,0,981,0,0,0,0,0,0,0,0,0,0,0
1646166600,5.4670000000000005,58.52,0.001,1.25,21.45,0,981,0,0,0,0,0,0,0,0,0,0,0
1646167200,5.172999999999999,60.06,0.001,1.537,25.11,0,981,0,0,0,0,0,0,0,0,0,0,0
1646167800,5.041,59.39,0.001,1.4609999999999999,12.71,0,981,0,0,0,0,0,0,0,0,0,0,0
1646168400,5.2620000000000005,56.7,0.001,1.11,23.8,0,981,0,0,0,0,0,0,0,0,0,0,0
1646169000,4.974,58.95,0.001,1.329,57.91,0,981,0,0,0,0,0,0,0,0,0,0,0
1646169600,4.7010000000000005,60.22,0.001,1.133,56.25,0,981,0,0,0,0,0,0,0,0,0,0,0
1646170200,4.888999999999999,60.74,0.001,0.8959999999999999,30.54,0,981,0,0,0,0,0,0,0,0,0,0,0
1646170800,4.904,60.79,0.001,1.4180000000000001,25.31,0,981,0,0,0,0,0,0,0,0,0,0,0
1646171400,4.7860000000000005,62.61,0.001,1.714,18.41,0,981,0,0,0,0,0,0,0,0,0,0,0
1646172000,4.621,62.02,0.001,1.896,18.15,0,981,0,0,0,0,0,0,0,0,0,0,0
1646172600,4.394,60.04,0.001,1.901,33.27,0,981,0,0,0,0,0,0,0,0,0,0,0
1646173200,4.513,59.34,0.001,1.8780000000000001,21.74,0,981,0,0,0,0,0,0,0,0,0,0,0
1646173800,4.508,59.48,0.001,1.4380000000000002,48.57,0,981,0,0,0,0,0,0,0,0,0,0,0
1646174400,4.602,60.63,0.001,1.7819999999999998,9.88,0,981,0,0,0,0,0,0,0,0,0,0,0
1646175000,4.43,61.32,0.001,1.5819999999999999,11.6,0,981,0,0,0,0,0,0,0,0,0,0,0
1646175600,4.404,62.16,0.001,1.088,10.56,0,981,0,0,0,0,0,0,0,0,0,0,0
1646176200,4.1739999999999995,60.57,0.001,1.901,37.58,0,981,0,0,0,0,0,0,0,0,0,0,0
1646176800,3.9530000000000003,63.05,0.001,1.7690000000000001,40.76,0,981,0,0,0,0,0,0,0,0,0,0,0
1646177400,3.8930000000000002,63.66,0.001,1.5130000000000001,29.43,0,981,0,0,0,0,0,0,0,0,0,0,0
1646178000,4.061,62.8,0.001,1.167,10.59,0,981,0,0,0,0,0,0,0,0,0,0,0
1646178600,4.048,64.16,0.001,1.063,9.75,0,981,0,0,0,0,0,0,0,0,0,0,0
1646179200,3.9130000000000003,63.28,0.001,1.465,20.24,0,981,0,0,0,0,0,0,0,0,0,0,0
1646179800,3.693,65.36,0.001,1.82,12.65,0,981,0,0,0,0,0,0,0,0,0,0,0
1646180400,3.7910000000000004,65.21,0.001,1.8730000000000002,15.25,0,981,0,0,0,0,0,0,0,0,0,0,0
1646181000,3.7680000000000002,66.82,0.001,1.617,15.19,0,981,0,0,0,0,0,0,0,0,0,0,0
1646181600,3.4389999999999996,67,0.001,1.942,16.16,0,981,0,0,0,0,0,0,0,0,0,0,0
1646182200,3.53,65.69,0.001,1.932,15.49,0,981,0,0,0,0,0,0,0,0,0,0,0
1646182800,3.404,67.2,0.001,1.8430000000000002,17.76,0,981,0,0,0,0,0,0,0,0,0,0,0
1646183400,3.443,65.13,0.001,1.545,15.47,0,981,0,0,0,0,0,0,0,0,0,0,0
1646184000,3.425,66.21,0.001,1.621,21.96,0,981,0,0,0,0,0,0,0,0,0,0,0
1646184600,3.4,69.92,0.001,1.432,28.14,0,981,0,0,0,0,0,0,0,0,0,0,0
1646185200,3.345,69.19,0.001,1.685,11.18,0,981,0,0,0,0,0,0,0,0,0,0,0
1646185800,3.484,68.13,0.001,1.9169999999999998,16.29,0,981,0,0,0,0,0,0,0,0,0,0,0
1646186400,3.28,68.57,0.001,2.114,22.54,0,981,0,0,0,0,0,0,0,0,0,0,0
1646187000,3.26,65.13,0.001,2.3080000000000003,31.96,0,980,0,0,0,0,0,0,0,0,0,0,0
1646187600,3.377,66.91,0.001,2.326,21.12,0,980,0,0,0,0,0,0,0,0,0,0,0
1646188200,3.4360000000000004,67.61,0.001,2.076,20.89,0,980,0,0,0,0,0,0,0,0,0,0,0
1646188800,3.3819999999999997,73.2,0.001,1.9980000000000002,18.12,0,980,0,0,0,0,0,0,0,0,0,0,0
1646189400,3.4410000000000003,71.52,0.001,2.211,30.8,0,980,0,0,0,0,0,0,0,0,0,0,0
1646190000,3.487,72.56,0.001,2.02,27.13,0,980,0,0,0,0,0,0,0,0,0,0,0
1646190600,3.398,73.02,0.001,2.025,14.84,0,980,0,0,0,0,0,0,0,0,0,0,0
1646191200,3.3960000000000004,74.75,0.001,1.936,18.45,0,980,0,0,0,0,0,0,0,0,0,0,0
1646191800,3.388,72.44,0.001,2.0340000000000003,22.08,0,980,0,0,0,0,0,0,0,0,0,0,0
1646192400,3.364,68.67,0.001,2.005,27.08,0,980,0,0,0,0,0,0,0,0,0,0,0
1646193000,3.3360000000000003,72.54,0.001,1.9,23.37,0,980,0,0,0,0,0,0,0,0,0,0,0
1646193600,3.25,71.88,0.001,1.71,18.14,0,980,0,0,0,0,0,0,0,0,0,0,0
1646194200,3.2439999999999998,74.69,0.001,1.3559999999999999,10.1,0,980,0,0,0,0,0,0,0,0,0,0,0
1646194800,3.557,80.9,0.001,1.2309999999999999,304.8,0,980,0,0,0,0,0,0,0,0,0,0,0
1646195400,3.5839999999999996,81.2,0.001,1.71,298.2,0,980,0,0,0,0,0,0,0,0,0,0,0
1646196000,3.3339999999999996,73.45,0.001,0.965,358.2,0,980,0,0,0,0,0,0,0,0,0,0,0
1646196600,3.174,73.94,0.001,1.125,22.04,0,980,0,0,0,0,0,0,0,0,0,0,0
1646197200,2.963,75.3,0.001,1.4140000000000001,23.17,0,980,0,0,0,0,0,0,0,0,0,0,0
1646197800,2.813,75.32,0.001,1.209,25.61,0,980,0,0,0,0,0,0,0,0,0,0,0
1646198400,2.577,75.75,0.001,1.202,22.77,0,980,0,0,0,0,0,0,0,0,0,0,0
1646199000,2.539,77.27,0.001,1.374,21.7,0,980,0,0,0,0,0,0,0,0,0,0,0
1646199600,2.398,75.91,0.006999999999999999,1.416,25.47,0,980,0,0,0,0,0,0,0,0,0,0,0
1646200200,2.302,71.72,0.099,1.798,25.96,0,980,0,0,0,0,0,0,0,0,0,0,0
1646200800,2.293,72.37,0.726,2.115,25.43,0,980,0,0,0,0,0,0,0,0,0,0,0
1646201400,2.28,73.61,2.535,1.5590000000000002,23.1,0,980,0,0,0,0,0,0,0,0,0,0,0
1646202000,2.395,72.25,5.772,1.365,13.39,0,980,0,0,0,0,0,0,0,0,0,0,0
1646202600,2.334,73.6,11.42,1.54,25.44,0,980,0,0,0,0,0,0,0,0,0,0,0
1646203200,2.253,72.33,31.33,1.518,11.57,0,980,0,0,0,0,0,0,0,0,0,0,0
1646203800,2.47,71.51,76.23,1.557,12.75,0,980,0,0,0,0,0,0,0,0,0,0,0
1646204400,2.5610000000000004,72.55,113.2,1.3330000000000002,21.19,0,980,0,0,0,0,0,0,0,0,0,0,0
1646205000,2.715,72.6,137.4,1.285,21.66,0,980,0,0,0,0,0,0,0,0,0,0,0
1646205600,3.0660000000000003,71.94,170.6,1.229,25.02,0,980,0,0,0,0,0,0,0,0,0,0,0
1646206200,3.4330000000000003,71.6,203.4,1.0190000000000001,33.35,0,980,0,0,0,0,0,0,0,0,0,0,0
1646206800,3.827,74.62,229.4,0.603,13.55,0,980,0,0,0,0,0,0,0,0,0,0,0
1646207400,4.106,78.77,186.7,0.44,271.7,0,980,0,0,0,0,0,0,0,0,0,0,0
1646208000,3.984,79,130,0.7929999999999999,273.6,0,980,0,0,0,0,0,0,0,0,0,0,0
1646208600,3.958,78.98,218.5,0.7829999999999999,270.6,0,980,0,0,0,0,0,0,0,0,0,0,0
1646209200,4.062,79.06,316.6,0.8809999999999999,247,0,980,0,0,0,0,0,0,0,0,0,0,0
1646209800,4.197,78.43,348,1.1540000000000001,237.2,0,980,0,0,0,0,0,0,0,0,0,0,0
1646210400,4.188,77.48,367.7,1.338,226.7,0,980,0,0,0,0,0,0,0,0,0,0,0
1646211000,4.23,77.82,385.6,1.819,231.8,0,980,0,0,0,0,0,0,0,0,0,0,0
1646211600,4.234,77.05,410.5,2.384,227.6,0,980,0,0,0,0,0,0,0,0,0,0,0
1646212200,4.313,77.12,431.3,2.401,236.9,0,980,0,0,0,0,0,0,0,0,0,0,0
1646212800,4.476,75.44,453,2.033,243.5,0,980,0,0,0,0,0,0,0,0,0,0,0
1646213400,4.545,75.09,471.1,1.788,247.2,0,980,0,0,0,0,0,0,0,0,0,0,0
1646214000,4.603,74.67,472.5,1.3119999999999998,237.3,0,980,0,0,0,0,0,0,0,0,0,0,0
1646214600,4.5489999999999995,75.73,510.3,1.412,229.7,0,980,0,0,0,0,0,0,0,0,0,0,0
1646215200,4.707,74.86,527.4,1.16,238.7,0,979,0,0,0,0,0,0,0,0,0,0,0
1646215800,4.888,76.44,496.2,1.271,233.4,0,979,0,0,0,0,0,0,0,0,0,0,0
1646216400,4.711,75.85,479.8,1.278,222.3,0,979,0,0,0,0,0,0,0,0,0,0,0
1646217000,4.678999999999999,76.08,576.6,1.675,221,0,979,0,0,0,0,0,0,0,0,0,0,0
1646217600,4.841,75.3,578.3,1.198,210.1,0,979,0,0,0,0,0,0,0,0,0,0,0
1646218200,5.052,73.41,577.4,0.848,210.1,0,979,0,0,0,0,0,0,0,0,0,0,0
1646218800,5.769,70.79,565.2,0.522,186.2,0,979,0,0,0,0,0,0,0,0,0,0,0
1646219400,5.67,72.73,585.7,0.9620000000000001,155.1,0,979,0,0,0,0,0,0,0,0,0,0,0
1646220000,5.272,74.46,598.1,1.195,138.9,0,979,0,0,0,0,0,0,0,0,0,0,0
1646220600,5.356,74.05,603.1,1.2109999999999999,131.7,0,979,0,0,0,0,0,0,0,0,0,0,0
1646221200,5.354,75.27,544.1,1.025,140.4,0,979,0,0,0,0,0,0,0,0,0,0,0
1646221800,5.426,72.83,542.3,1.163,158.3,0,978,0,0,0,0,0,0,0,0,0,0,0
1646222400,5.727,71.8,567.4,0.866,168,0,978,0,0,0,0,0,0,0,0,0,0,0
1646223000,5.885,71.42,537.1,1.185,174,0,978,0,0,0,0,0,0,0,0,0,0,0
1646223600,5.751,71.6,586.8,1.506,181.9,0,978,0,0,0,0,0,0,0,0,0,0,0
1646224200,5.763,69.54,566.1,1.3519999999999999,148.5,0,978,0,0,0,0,0,0,0,0,0,0,0
1646224800,5.682,69.45,588.7,1.546,136.7,0,978,0,0,0,0,0,0,0,0,0,0,0
1646225400,5.763999999999999,68.4,436,1.587,132.6,0,978,0,0,0,0,0,0,0,0,0,0,0
1646226000,5.824,64.47,544.7,1.2819999999999998,142.6,0,977,0,0,0,0,0,0,0,0,0,0,0
1646226600,6.005,61.8,561.7,1.5130000000000001,147.9,0,977,0,0,0,0,0,0,0,0,0,0,0
1646227200,6.059,61.84,366.2,1.214,143.7,0,977,0,0,0,0,0,0,0,0,0,0,0
1646227800,6.222,63.02,353.9,1.026,151,0,977,0,0,0,0,0,0,0,0,0,0,0
1646228400,6.345,61.1,310.3,0.856,157.9,0,977,0,0,0,0,0,0,0,0,0,0,0
1646229000,6.683,60.83,295.9,0.33399999999999996,157.8,0,977,0,0,0,0,0,0,0,0,0,0,0
1646229600,7.445,57.72,279.8,0.002,183.3,0,977,0,0,0,0,0,0,0,0,0,0,0
1646230200,7.92,56.8,271.8,0.038,180,0,977,0,0,0,0,0,0,0,0,0,0,0
1646230800,7.518,57.92,256.3,0.266,327.2,0,977,0,0,0,0,0,0,0,0,0,0,0
1646231400,7.065,58.78,206.9,0.47100000000000003,319.5,0,976,0,0,0,0,0,0,0,0,0,0,0
1646232000,7.114,53.43,198.5,0.24,338.5,0,976,0,0,0,0,0,0,0,0,0,0,0
1646232600,7.435,61.51,188.2,1.043,180.3,0,976,0,0,0,0,0,0,0,0,0,0,0
1646233200,7.165,68.42,193.6,1.864,172.8,0,976,0,0,0,0,0,0,0,0,0,0,0
1646233800,7.09,71.42,196.8,2.4290000000000003,157.7,0,976,0,0,0,0,0,0,0,0,0,0,0
1646234400,7.067,67.13,179.2,1.9240000000000002,130.9,0,976,0,0,0,0,0,0,0,0,0,0,0
1646235000,7.077999999999999,69.58,168,1.554,115.9,0,976,0,0,0,0,0,0,0,0,0,0,0
1646235600,7.0729999999999995,68.77,158.2,1.7209999999999999,120.4,0,976,0,0,0,0,0,0,0,0,0,0,0
1646236200,7.069,67.75,145.8,1.9969999999999999,125,0,976,0,0,0,0,0,0,0,0,0,0,0
1646236800,7.138999999999999,67.92,134.9,1.874,127.9,0,976,0,0,0,0,0,0,0,0,0,0,0
1646237400,7.216,64.71,129.1,1.881,123.2,0,976,0,0,0,0,0,0,0,0,0,0,0
1646238000,7.341,70.69,113.7,1.64,109.5,0,976,0,0,0,0,0,0,0,0,0,0,0
1646238600,7.271,67.32,84.6,1.54,118.2,0,976,0,0,0,0,0,0,0,0,0,0,0
1646239200,7.356,66.41,49.09,1.554,125.7,0,976,0,0,0,0,0,0,0,0,0,0,0
1646239800,7.4,71.44,30.15,1.551,122.3,0,976,0,0,0,0,0,0,0,0,0,0,0
1646240400,7.348,71.91,17.58,1.696,113.2,0,976,0,0,0,0,0,0,0,0,0,0,0
1646241000,7.426,67.05,8.72,1.765,112.7,0,976,0,0,0,0,0,0,0,0,0,0,0
1646241600,7.572,72.57,3.313,1.524,97.6,0,976,0,0,0,0,0,0,0,0,0,0,0
1646242200,7.61,69.4,1.1840000000000002,1.77,92.7,0,976,0,0,0,0,0,0,0,0,0,0,0
1646242800,7.934,62.01,0.36200000000000004,2.485,101.8,0,976,0,0,0,0,0,0,0,0,0,0,0
1646243400,8.1,64.69,0.048,2.12,95.3,0,976,0,0,0,0,0,0,0,0,0,0,0
1646244000,8.03,63.83,0.005,1.885,94.5,0,976,0,0,0,0,0,0,0,0,0,0,0
1646244600,8.11,61.93,0.001,0.867,50.76,0,976,0,0,0,0,0,0,0,0,0,0,0
1646245200,8.05,63.9,0.001,0.515,47.31,0,976,0,0,0,0,0,0,0,0,0,0,0
1646245800,7.98,62.54,0.001,0.41700000000000004,67.6,0,976,0,0,0,0,0,0,0,0,0,0,0
1646246400,8.05,66.6,0.001,0.987,111.4,0,976,0,0,0,0,0,0,0,0,0,0,0
1646247000,7.851,73.94,0.001,1.204,101.2,0,976,0,0,0,0,0,0,0,0,0,0,0
1646247600,7.627999999999999,71.06,0.001,1.135,73.5,0,976,0,0,0,0,0,0,0,0,0,0,0
1646248200,7.534,65.79,0.001,0.7509999999999999,13.45,0,976,0,0,0,0,0,0,0,0,0,0,0
1646248800,7.522,65,0.001,0.585,315.4,0,976,0,0,0,0,0,0,0,0,0,0,0
1646249400,7.62,75.31,0.001,0.431,279.3,0,976,0,0,0,0,0,0,0,0,0,0,0
1646250000,7.2860000000000005,70.79,0.001,0.33,280.3,0,976,0,0,0,0,0,0,0,0,0,0,0
1646250600,7.181,70.21,0.001,0.21899999999999997,50.79,0,976,0,0,0,0,0,0,0,0,0,0,0
1646251200,7.059,66.32,0.001,1.29,47.78,0,976,0,0,0,0,0,0,0,0,0,0,0
1646251800,7.09,68.12,0.001,1.088,33.6,0,976,0,0,0,0,0,0,0,0,0,0,0
1646252400,6.8629999999999995,70.55,0.001,0.938,9.88,0,976,0,0,0,0,0,0,0,0,0,0,0
1646253000,6.755,70.93,0.001,0.72,6.013999999999999,0,976,0,0,0,0,0,0,0,0,0,0,0
1646253600,6.63,72.19,0.001,0.915,2.537,0,976,0,0,0,0,0,0,0,0,0,0,0
1646254200,6.505,73.05,0.001,0.557,346,0,976,0,0,0,0,0,0,0,0,0,0,0
1646254800,6.6,73.47,0.001,0.765,348.8,0,976,0,0,0,0,0,0,0,0,0,0,0
1646255400,6.519,70.34,0.001,0.852,358.5,0,976,0,0,0,0,0,0,0,0,0,0,0
1646256000,6.6129999999999995,70.15,0.001,0.981,0.865,0,976,0,0,0,0,0,0,0,0,0,0,0
1646256600,6.4079999999999995,72.35,0.001,0.335,27.71,0,976,0,0,0,0,0,0,0,0,0,0,0
1646257200,6.257000000000001,69.84,0.001,0.8420000000000001,24.21,0,976,0,0,0,0,0,0,0,0,0,0,0
1646257800,6.0520000000000005,71.04,0.001,0.934,23.76,0,976,0,0,0,0,0,0,0,0,0,0,0
1646258400,6.063,70.55,0.001,0.9390000000000001,22.38,0,976,0,0,0,0,0,0,0,0,0,0,0
1646259000,6.109,69.98,0.001,1.187,28.1,0,976,0,0,0,0,0,0,0,0,0,0,0
1646259600,6.181,69.95,0.001,1.3219999999999998,34.42,0,976,0,0,0,0,0,0,0,0,0,0,0
1646260200,6.27,71.48,0.001,1.177,30.59,0,976,0,0,0,0,0,0,0,0,0,0,0
1646260800,6.2589999999999995,69.95,0.001,0.86,41.38,0,976,0,0,0,0,0,0,0,0,0,0,0
1646261400,6.274,69.15,0.001,1.546,33.55,0,976,0,0,0,0,0,0,0,0,0,0,0
1646262000,6.54,69.78,0.001,0.9890000000000001,48.12,0,976,0,0,0,0,0,0,0,0,0,0,0
1646262600,6.609,67.4,0.001,0.7829999999999999,66.37,0,976,0,0,0,0,0,0,0,0,0,0,0
1646263200,6.513999999999999,70.16,0.001,0.7340000000000001,58.67,0,976,0,0,0,0,0,0,0,0,0,0,0
1646263800,6.506,69.42,0.001,1.345,40.78,0,976,0,0,0,0,0,0,0,0,0,0,0
1646264400,6.435,71.31,0.001,1.248,45.22,0,976,0,0,0,0,0,0,0,0,0,0,0
1646265000,6.47,77.63,0.001,1.588,59.54,0,976,0,0,0,0,0,0,0,0,0,0,0
1646265600,6.817,82.4,0.001,1.574,97.2,0,976,0,0,0,0,0,0,0,0,0,0,0
1646266200,6.449,73.68,0.001,1.288,51.88,0,976,0,0,0,0,0,0,0,0,0,0,0
1646266800,6.515,80.8,0.001,1.2890000000000001,75.49,0,976,0,0,0,0,0,0,0,0,0,0,0
1646267400,6.795,82.5,0.001,1.94,109.7,0,976,0,0,0,0,0,0,0,0,0,0,0
1646268000,6.813,83.2,0.001,2.042,121.3,0,976,0,0,0,0,0,0,0,0,0,0,0
1646268600,6.776,84.2,0.001,1.537,129.2,0,976,0,0,0,0,0,0,0,0,0,0,0
1646269200,6.422000000000001,79.41,0.001,0.972,42.34,0,976,0,0,0,0,0,0,0,0,0,0,0
1646269800,6.456,77.99,0.001,0.893,30.6,0,975,0,0,0,0,0,0,0,0,0,0,0
1646270400,6.476,77.33,0.001,0.636,62.51,0,975,0,0,0,0,0,0,0,0,0,0,0
1646271000,6.442,75.11,0.001,0.7,38.1,0,975,0,0,0,0,0,0,0,0,0,0,0
1646271600,6.307,77.3,0.001,0.547,24.71,0,975,0,0,0,0,0,0,0,0,0,0,0
1646272200,6.396,80.5,0.001,0.009000000000000001,266.6,0,975,0,0,0,0,0,0,0,0,0,0,0
1646272800,6.39,82.4,0.001,0.076,240,0,975,0,0,0,0,0,0,0,0,0,0,0
1646273400,6.324,80.9,0.001,0.248,289.3,0,975,0,0,0,0,0,0,0,0,0,0,0
1646274000,6.206,77.87,0.001,0.7659999999999999,1.896,0,975,0,0,0,0,0,0,0,0,0,0,0
1646274600,6.187,76.87,0.001,1.063,34.34,0,975,0,0,0,0,0,0,0,0,0,0,0
1646275200,6.2589999999999995,76.31,0.001,0.885,53.52,0,975,0,0,0,0,0,0,0,0,0,0,0
1646275800,6.212000000000001,76.21,0.001,1.005,25.41,0,975,0,0,0,0,0,0,0,0,0,0,0
1646276400,6.19,77.01,0.001,0.505,20.04,0,975,0,0,0,0,0,0,0,0,0,0,0
1646277000,6.156000000000001,77.78,0.001,0.251,30.92,0,975,0,0,0,0,0,0,0,0,0,0,0
1646277600,6.061,77.04,0.001,1.003,18.02,0,975,0,0,0,0,0,0,0,0,0,0,0
1646278200,6.077000000000001,76.13,0.001,0.732,33.3,0,975,0,0,0,0,0,0,0,0,0,0,0
1646278800,6.071000000000001,75.87,0.001,1.054,46.41,0,975,0,0,0,0,0,0,0,0,0,0,0
1646279400,6.205,78.78,0.001,0.774,57.65,0,975,0,0,0,0,0,0,0,0,0,0,0
1646280000,6.08,78.57,0.001,1.038,20.41,0,974,0,0,0,0,0,0,0,0,0,0,0
1646280600,6.082000000000001,79.23,0.001,0.281,15.76,0,974,0,0,0,0,0,0,0,0,0,0,0
1646281200,6.059,76.58,0.001,1.0190000000000001,30.45,0,974,0,0,0,0,0,0,0,0,0,0,0
1646281800,6.047999999999999,76.1,0.001,0.88,46.75,0,974,0,0,0,0,0,0,0,0,0,0,0
1646282400,6.21,76.4,0.001,0.851,58.15,0,974,0,0,0,0,0,0,0,0,0,0,0
1646283000,6.016,77.7,0.001,0.831,29.89,0,974,0,0,0,0,0,0,0,0,0,0,0
1646283600,5.877000000000001,78.7,0.001,0.956,21.03,0,974,0,0,0,0,0,0,0,0,0,0,0
1646284200,5.76,78.25,0.001,1.147,23.61,0,974,0,0,0,0,0,0,0,0,0,0,0
1646284800,5.553,76.46,0.001,1.599,30.46,0,974,0,0,0,0,0,0,0,0,0,0,0
1646285400,5.352,75.79,0.002,1.868,40.89,0,974,0,0,0,0,0,0,0,0,0,0,0
1646286000,5.401,76.95,0.015,1.724,27.93,0,974,0,0,0,0,0,0,0,0,0,0,0
1646286600,5.303,76.33,0.18,1.089,359,0,974,0,0,0,0,0,0,0,0,0,0,0
1646287200,5.026,74.92,1.085,1.4980000000000002,35.37,0,974,0,0,0,0,0,0,0,0,0,0,0
1646287800,4.79,73.21,3.214,1.4609999999999999,21.26,0,974,0,0,0,0,0,0,0,0,0,0,0
1646288400,4.789,72.74,6.791,1.838,27.6,0,974,0,0,0,0,0,0,0,0,0,0,0
1646289000,4.7860000000000005,74.13,14.48,1.646,24.46,0,974,0,0,0,0,0,0,0,0,0,0,0
1646289600,4.7589999999999995,71.85,44.72,1.574,20.61,0,974,0,0,0,0,0,0,0,0,0,0,0
1646290200,4.8660000000000005,72.13,71.93,1.713,27.79,0,974,0,0,0,0,0,0,0,0,0,0,0
1646290800,4.808,71.92,92.9,1.59,32.19,0,974,0,0,0,0,0,0,0,0,0,0,0
1646291400,5.052,72.66,117.7,1.402,33.87,0,974,0,0,0,0,0,0,0,0,0,0,0
1646292000,5.164,74.54,146.6,1.083,52.11,0,974,0,0,0,0,0,0,0,0,0,0,0
1646292600,5.374,73.77,174,0.9440000000000001,52.88,0,974,0,0,0,0,0,0,0,0,0,0,0
1646293200,5.709,71.92,205.1,1.092,46.26,0,974,0,0,0,0,0,0,0,0,0,0,0
1646293800,5.94,73.91,235.9,1.254,5.242999999999999,0,974,0,0,0,0,0,0,0,0,0,0,0
1646294400,6.357,68.95,263.6,0.6409999999999999,37.32,0,974,0,0,0,0,0,0,0,0,0,0,0
1646295000,6.62,73.24,289.2,1.3330000000000002,166.6,0,974,0,0,0,0,0,0,0,0,0,0,0
1646295600,6.414,75.55,316.1,1.296,169.8,0,974,0,0,0,0,0,0,0,0,0,0,0
1646296200,6.571000000000001,76.44,342.2,1.105,146.8,0,974,0,0,0,0,0,0,0,0,0,0,0
1646296800,6.8629999999999995,73.38,367.6,0.514,176.4,0,974,0,0,0,0,0,0,0,0,0,0,0
1646297400,7.1370000000000005,79.1,390.6,0.5579999999999999,196.2,0,974,0,0,0,0,0,0,0,0,0,0,0
1646298000,6.6579999999999995,82.5,412.3,1.128,175.9,0,974,0,0,0,0,0,0,0,0,0,0,0
1646298600,6.482,83,432,1.554,174.9,0,973,0,0,0,0,0,0,0,0,0,0,0
1646299200,6.4879999999999995,82.4,450.4,1.403,187.9,0,973,0,0,0,0,0,0,0,0,0,0,0
1646299800,6.539,77.37,469.9,1.473,180.1,0,973,0,0,0,0,0,0,0,0,0,0,0
1646300400,6.617000000000001,75.17,489.7,1.157,188.6,0,973,0,0,0,0,0,0,0,0,0,0,0
1646301000,6.757999999999999,76.85,506.9,1.183,201.4,0,973,0,0,0,0,0,0,0,0,0,0,0
1646301600,7.007999999999999,76.81,522.5,0.799,198.1,0,973,0,0,0,0,0,0,0,0,0,0,0
1646302200,7.194,76.43,533.7,0.8,177.5,0,973,0,0,0,0,0,0,0,0,0,0,0
1646302800,7.279,74.46,542.6,0.72,166.9,0,973,0,0,0,0,0,0,0,0,0,0,0
1646303400,7.0889999999999995,73.2,553.8,1.057,164.9,0,973,0,0,0,0,0,0,0,0,0,0,0
1646304000,6.943,72.62,563.8,1.083,159.9,0,973,0,0,0,0,0,0,0,0,0,0,0
1646304600,7.281000000000001,69.28,573,0.9690000000000001,158,0,973,0,0,0,0,0,0,0,0,0,0,0
1646305200,7.021,71.73,581.3,1.2109999999999999,140.8,0,973,0,0,0,0,0,0,0,0,0,0,0
1646305800,7.138,70,585.7,1.038,132.6,0,973,0,0,0,0,0,0,0,0,0,0,0
1646306400,7.172000000000001,70.1,590.5,0.9940000000000001,134.2,0,973,0,0,0,0,0,0,0,0,0,0,0
1646307000,7.252999999999999,70.57,592.4,1.1059999999999999,136.5,0,972,0,0,0,0,0,0,0,0,0,0,0
1646307600,7.2860000000000005,70.33,592.7,1.18,141.4,0,972,0,0,0,0,0,0,0,0,0,0,0
1646308200,7.303999999999999,68.95,593.7,1.209,133.9,0,972,0,0,0,0,0,0,0,0,0,0,0
1646308800,7.585,66.09,592.8,0.636,139.2,0,972,0,0,0,0,0,0,0,0,0,0,0
1646309400,7.904,66.05,591.2,0.431,120.4,0,972,0,0,0,0,0,0,0,0,0,0,0
1646310000,8.02,66.63,589,0.657,128.8,0,972,0,0,0,0,0,0,0,0,0,0,0
1646310600,8.03,66.7,583.2,0.544,139.1,0,972,0,0,0,0,0,0,0,0,0,0,0
1646311200,7.824,69.88,572.4,0.9440000000000001,145.4,0,972,0,0,0,0,0,0,0,0,0,0,0
1646311800,7.796,70.97,559.9,1.024,143.1,0,971,0,0,0,0,0,0,0,0,0,0,0
1646312400,8.03,68.51,546.7,0.74,129.5,0,971,0,0,0,0,0,0,0,0,0,0,0
1646313000,8.17,70.13,539.8,0.8109999999999999,129.3,0,971,0,0,0,0,0,0,0,0,0,0,0
1646313600,8.25,71.55,527.4,0.8,129.5,0,971,0,0,0,0,0,0,0,0,0,0,0
1646314200,8.59,67.7,511.8,0.608,133.9,0,971,0,0,0,0,0,0,0,0,0,0,0
1646314800,9.08,70.59,501.5,0.838,177.8,0,971,0,0,0,0,0,0,0,0,0,0,0
1646315400,8.95,71.65,482.7,0.915,185.1,0,971,0,0,0,0,0,0,0,0,0,0,0
1646316000,9.55,68.62,468.8,0.5579999999999999,206.1,0,970,0,0,0,0,0,0,0,0,0,0,0
1646316600,9.66,66.05,452.3,0.721,196.9,0,970,0,0,0,0,0,0,0,0,0,0,0
1646317200,9.43,65.88,431.1,0.648,190.6,0,970,0,0,0,0,0,0,0,0,0,0,0
1646317800,10.03,63.49,412.3,0.16399999999999998,328,0,970,0,0,0,0,0,0,0,0,0,0,0
1646318400,9.32,58.07,389.4,0.221,354.4,0,970,0,0,0,0,0,0,0,0,0,0,0
1646319000,10.32,56.14,359,0.652,257.6,0,970,0,0,0,0,0,0,0,0,0,0,0
1646319600,10.07,57.91,327.2,1.2109999999999999,257.8,0,970,0,0,0,0,0,0,0,0,0,0,0
1646320200,9.95,55.31,305.4,1.069,269,0,970,0,0,0,0,0,0,0,0,0,0,0
1646320800,10.24,63.72,283.6,0.789,276.5,0,970,0,0,0,0,0,0,0,0,0,0,0
1646321400,9.79,61.04,258,1.479,271.2,0,970,0,0,0,0,0,0,0,0,0,0,0
1646322000,9.92,68.65,234.1,2.259,237.7,0,970,0,0,0,0,0,0,0,0,0,0,0
1646322600,9.34,79.65,207.7,2.258,221.6,0,970,0,0,0,0,0,0,0,0,0,0,0
1646323200,8.75,81.2,179.6,2.051,216.3,0,970,0,0,0,0,0,0,0,0,0,0,0
1646323800,9.17,78.79,152.7,0.58,263.4,0,970,0,0,0,0,0,0,0,0,0,0,0
1646324400,8.92,78.21,125.6,0.522,289,0,970,0,0,0,0,0,0,0,0,0,0,0
1646325000,8.76,82.1,99.1,1.219,253.6,0,970,0,0,0,0,0,0,0,0,0,0,0
1646325600,8.38,84.3,74.37,1.272,267.6,0,970,0,0,0,0,0,0,0,0,0,0,0
1646326200,8.19,86.3,53.73,1.358,273.8,0,970,0,0,0,0,0,0,0,0,0,0,0
1646326800,8.09,87.4,26.22,1.476,285.4,0,970,0,0,0,0,0,0,0,0,0,0,0
1646327400,8.04,85.3,18.39,1.075,281.6,0,970,0,0,0,0,0,0,0,0,0,0,0
1646328000,8.04,85.8,7.806,1.489,197,0,970,0,0,0,0,0,0,0,0,0,0,0
1646328600,7.966,81.8,3.6310000000000002,1.095,157.9,0,970,0,0,0,0,0,0,0,0,0,0,0
1646329200,7.914,78.55,0.9840000000000001,0.516,119.8,0,970,0,0,0,0,0,0,0,0,0,0,0
1646329800,7.962000000000001,82.7,0.10800000000000001,1.045,66.46,1.4,970,0,0,0,0,0,0,0,0,0,0,0
1646330400,8.01,76.24,0.01,1.01,53.7,0,970,0,0,0,0,0,0,0,0,0,0,0
1646331000,8.19,70.31,0.002,0.807,20.97,0,970,0,0,0,0,0,0,0,0,0,0,0
1646331600,8.27,67.39,0.001,0.652,67.21,0,970,0,0,0,0,0,0,0,0,0,0,0
1646332200,8.42,70.98,0.001,0.738,27.35,0,970,0,0,0,0,0,0,0,0,0,0,0
1646332800,8.29,69.43,0.001,0.496,86.3,0,970,0,0,0,0,0,0,0,0,0,0,0
1646333400,8.51,70.06,0.001,0.857,144.6,0,970,0,0,0,0,0,0,0,0,0,0,0
1646334000,8.31,79.05,0.001,1.575,169.1,0,970,0,0,0,0,0,0,0,0,0,0,0
1646334600,8.18,79.7,0.001,1.003,165.8,0,970,0,0,0,0,0,0,0,0,0,0,0
1646335200,8.08,80.9,0.001,1.141,293.9,0,970,0,0,0,0,0,0,0,0,0,0,0
1646335800,7.939,76.85,0.001,1.08,310.1,0,970,0,0,0,0,0,0,0,0,0,0,0
1646336400,7.893,74.18,0.001,0.377,4.287,0,970,0,0,0,0,0,0,0,0,0,0,0
1646337000,7.852,74.9,0.001,0.35600000000000004,11.86,0,970,0,0,0,0,0,0,0,0,0,0,0
1646337600,7.57,72.62,0.001,1.111,84.8,0,970,0,0,0,0,0,0,0,0,0,0,0
1646338200,7.662999999999999,68.52,0.001,1.4169999999999998,92.9,0,970,0,0,0,0,0,0,0,0,0,0,0
1646338800,7.934,67.66,0.001,0.8029999999999999,79.76,0,970,0,0,0,0,0,0,0,0,0,0,0
1646339400,7.749,69.2,0.001,0.8420000000000001,359.5,0,970,0,0,0,0,0,0,0,0,0,0,0
1646340000,7.497000000000001,67.82,0.001,1.1909999999999998,34.19,0,970,0,0,0,0,0,0,0,0,0,0,0
1646340600,7.825,67.04,0.001,0.93,22.19,0,971,0,0,0,0,0,0,0,0,0,0,0
1646341200,7.54,72.84,0.001,0.524,42.4,0,971,0,0,0,0,0,0,0,0,0,0,0
1646341800,7.316,72.27,0.001,0.489,9.28,0,971,0,0,0,0,0,0,0,0,0,0,0
1646342400,7.382999999999999,74.67,0.001,0.027999999999999997,15.94,0,971,0,0,0,0,0,0,0,0,0,0,0
1646343000,7.2589999999999995,78.83,0.001,0.594,331.4,0,971,0,0,0,0,0,0,0,0,0,0,0
1646343600,7.425,71.04,0.001,0.7929999999999999,253.4,0,971,0,0,0,0,0,0,0,0,0,0,0
1646344200,7.805,66.11,0.001,0.902,279.7,0,971,0,0,0,0,0,0,0,0,0,0,0
1646344800,8.25,69.65,0.001,1.067,236,0,971,0,0,0,0,0,0,0,0,0,0,0
1646345400,8.1,74.15,0.001,1.038,297.7,0,971,0,0,0,0,0,0,0,0,0,0,0
1646346000,7.331,66.43,0.001,1.244,28.48,0,971,0,0,0,0,0,0,0,0,0,0,0
1646346600,7.085,66.87,0.001,1.274,80.3,0,971,0,0,0,0,0,0,0,0,0,0,0
1646347200,7.409,63.64,0.001,1.635,55.63,0,971,0,0,0,0,0,0,0,0,0,0,0
1646347800,7.718999999999999,60.66,0.001,1.494,53.96,0,971,0,0,0,0,0,0,0,0,0,0,0
1646348400,7.5520000000000005,57.79,0.001,2.099,62.22,0,971,0,0,0,0,0,0,0,0,0,0,0
1646349000,7.3839999999999995,65.09,0.001,1.912,44.39,0,971,0,0,0,0,0,0,0,0,0,0,0
1646349600,6.853,79.39,0.001,2.888,54.6,0,971,0,0,0,0,0,0,0,0,0,0,0
1646350200,7.443,82,0.001,2.912,109.5,0,971,0,0,0,0,0,0,0,0,0,0,0
1646350800,7.317,83.8,0.001,2.217,118,0,971,0,0,0,0,0,0,0,0,0,0,0
1646351400,7.055,70.08,0.001,1.7169999999999999,108.3,0,971,0,0,0,0,0,0,0,0,0,0,0
1646352000,6.5920000000000005,62.89,0.001,1.2819999999999998,45.62,0,971,0,0,0,0,0,0,0,0,0,0,0
1646352600,6.32,70.2,0.001,1.964,16.13,0,971,0,0,0,0,0,0,0,0,0,0,0
1646353200,6.433,76.1,0.001,1.089,0.71,0,971,0,0,0,0,0,0,0,0,0,0,0
1646353800,6.051,72.15,0.001,0.65,7.732,0,971,0,0,0,0,0,0,0,0,0,0,0
1646354400,6.039,69.95,0.001,1.104,357.4,0,971,0,0,0,0,0,0,0,0,0,0,0
1646355000,6.402,67.63,0.001,1.1,344.2,0,971,0,0,0,0,0,0,0,0,0,0,0
1646355600,6.849,67.83,0.001,1.425,260,0,971,0,0,0,0,0,0,0,0,0,0,0
1646356200,7.825,67.4,0.001,2.3680000000000003,215.7,0,971,0,0,0,0,0,0,0,0,0,0,0
1646356800,7.495,62.5,0.001,0.963,290.2,0,971,0,0,0,0,0,0,0,0,0,0,0
1646357400,6.981,56.63,0.001,2.4659999999999997,310.7,0.2,971,0,0,0,0,0,0,0,0,0,0,0
1646358000,8.01,51.37,0.002,3.055,308,0,971,0,0,0,0,0,0,0,0,0,0,0
1646358600,7.108,60.26,0.001,0.9570000000000001,65.4,0,971,0,0,0,0,0,0,0,0,0,0,0
1646359200,6.534,54,0.001,0.785,359.4,0,971,0,0,0,0,0,0,0,0,0,0,0
1646359800,6.972,58.93,0.001,0.988,64.82,0,971,0,0,0,0,0,0,0,0,0,0,0
1646360400,6.505,57.18,0.001,0.599,49.27,0,971,0,0,0,0,0,0,0,0,0,0,0
1646361000,6.268,64.31,0.001,0.373,15.93,0,971,0,0,0,0,0,0,0,0,0,0,0
1646361600,6.226,58.88,0.001,0.672,278.9,0,971,0,0,0,0,0,0,0,0,0,0,0
1646362200,6.855,62.05,0.001,1.3630000000000002,140.4,0,971,0,0,0,0,0,0,0,0,0,0,0
1646362800,6.144,62.58,0.001,1.56,30.38,0,971,0,0,0,0,0,0,0,0,0,0,0
1646363400,5.917000000000001,56.19,0.001,2.097,85.4,0,971,0,0,0,0,0,0,0,0,0,0,0
1646364000,6.425,56.9,0.001,2.157,118.4,0,971,0,0,0,0,0,0,0,0,0,0,0
1646364600,6.614,52.77,0.001,2.8139999999999996,111.4,0,971,0,0,0,0,0,0,0,0,0,0,0
1646365200,6.516,55.57,0.001,2.949,91.4,0,971,0,0,0,0,0,0,0,0,0,0,0
1646365800,5.971,58.85,0.001,2.822,74.25,0,971,0,0,0,0,0,0,0,0,0,0,0
1646366400,5.744,58.98,0.001,2.858,50.84,0,971,0,0,0,0,0,0,0,0,0,0,0
1646367000,5.497000000000001,57.31,0.001,1.88,72.6,0,971,0,0,0,0,0,0,0,0,0,0,0
1646367600,5.176,58.2,0.001,2.781,91,0,971,0,0,0,0,0,0,0,0,0,0,0
1646368200,5.747000000000001,54.87,0.001,5.557,98.6,0,971,0,0,0,0,0,0,0,0,0,0,0
1646368800,5.979,56.02,0.001,4.7780000000000005,84.7,0,971,0,0,0,0,0,0,0,0,0,0,0
1646369400,5.937,56.62,0.001,3.8560000000000003,58.98,0,971,0,0,0,0,0,0,0,0,0,0,0
1646370000,5.539,58.78,0.001,2.84,34.08,0,971,0,0,0,0,0,0,0,0,0,0,0
1646370600,5.106,61.43,0.001,2.311,19.61,0,971,0,0,0,0,0,0,0,0,0,0,0
1646371200,5.165,61.53,0.001,1.942,19.53,0,971,0,0,0,0,0,0,0,0,0,0,0
1646371800,5.426,58.53,0.003,2.114,43.67,0,971,0,0,0,0,0,0,0,0,0,0,0
1646372400,5.642,62.75,0.031,2.229,60.08,0,971,0,0,0,0,0,0,0,0,0,0,0
1646373000,5.303999999999999,60.3,0.317,2.306,39.32,0,971,0,0,0,0,0,0,0,0,0,0,0
1646373600,4.691,57.96,1.48,3.568,31.41,0,971,0,0,0,0,0,0,0,0,0,0,0
1646374200,4.555,60.31,3.819,3.299,46.34,0,971,0,0,0,0,0,0,0,0,0,0,0
1646374800,5.013,59.29,7.599,2.8680000000000003,60.32,0,971,0,0,0,0,0,0,0,0,0,0,0
1646375400,4.744,57.93,19.7,1.9269999999999998,68.21,0,971,0,0,0,0,0,0,0,0,0,0,0
1646376000,4.854,58,55,1.682,86.5,0,972,0,0,0,0,0,0,0,0,0,0,0
1646376600,4.9510000000000005,57.72,79.97,1.93,107.2,0,972,0,0,0,0,0,0,0,0,0,0,0
1646377200,5.063,62.26,106.9,1.724,97.2,0,972,0,0,0,0,0,0,0,0,0,0,0
1646377800,5.039,58.95,135.1,1.929,96.6,0,972,0,0,0,0,0,0,0,0,0,0,0
1646378400,5.276,58.14,162.5,1.929,108.4,0,972,0,0,0,0,0,0,0,0,0,0,0
1646379000,5.6339999999999995,56.79,193.2,0.88,100.3,0,972,0,0,0,0,0,0,0,0,0,0,0
1646379600,5.9670000000000005,57.88,222.5,0.441,219.5,0,972,0,0,0,0,0,0,0,0,0,0,0
1646380200,5.8229999999999995,58.39,250.5,0.795,180.7,0,972,0,0,0,0,0,0,0,0,0,0,0
1646380800,5.732,59.38,278.4,1.527,168.5,0,972,0,0,0,0,0,0,0,0,0,0,0
1646381400,5.647,57.79,300.4,1.725,162.4,0,972,0,0,0,0,0,0,0,0,0,0,0
1646382000,5.672000000000001,56.43,326.1,1.614,159,0,972,0,0,0,0,0,0,0,0,0,0,0
1646382600,5.9110000000000005,55.8,353.7,0.573,169.8,0,972,0,0,0,0,0,0,0,0,0,0,0
1646383200,6.306,56.04,380.5,0.757,204.3,0,972,0,0,0,0,0,0,0,0,0,0,0
1646383800,5.968,56.23,404.6,0.973,202.6,0,972,0,0,0,0,0,0,0,0,0,0,0
1646384400,6.077000000000001,55.89,426.8,0.894,230.6,0,972,0,0,0,0,0,0,0,0,0,0,0
1646385000,6.211,60.83,446.9,1.3659999999999999,248.6,0,973,0,0,0,0,0,0,0,0,0,0,0
1646385600,6.207999999999999,64.41,465.5,1.536,243.1,0,972,0,0,0,0,0,0,0,0,0,0,0
1646386200,6.105,63.72,485,1.69,245.3,0,972,0,0,0,0,0,0,0,0,0,0,0
1646386800,6.236000000000001,56.84,503.3,0.985,251.3,0,972,0,0,0,0,0,0,0,0,0,0,0
1646387400,6.382000000000001,61.77,332,1.516,232.6,0,972,0,0,0,0,0,0,0,0,0,0,0
1646388000,6.2860000000000005,63.37,471.8,1.422,215.2,0,972,0,0,0,0,0,0,0,0,0,0,0
1646388600,6.33,63.03,548,1.794,195.2,0,972,0,0,0,0,0,0,0,0,0,0,0
1646389200,6.38,61.67,561.7,1.8840000000000001,188.9,0,972,0,0,0,0,0,0,0,0,0,0,0
1646389800,6.445,62.02,572.8,2.074,183.3,0,972,0,0,0,0,0,0,0,0,0,0,0
1646390400,6.497999999999999,62.52,584,2.465,198.6,0,972,0,0,0,0,0,0,0,0,0,0,0
1646391000,6.482,62.96,593.5,2.7039999999999997,203.9,0,972,0,0,0,0,0,0,0,0,0,0,0
1646391600,6.537000000000001,59.95,600.3,2.609,207.3,0,972,0,0,0,0,0,0,0,0,0,0,0
1646392200,6.655,59.26,607.8,2.617,202.5,0,972,0,0,0,0,0,0,0,0,0,0,0
1646392800,6.7620000000000005,57.94,609.9,3.089,205.6,0,972,0,0,0,0,0,0,0,0,0,0,0
1646393400,6.861000000000001,57.1,610.9,3.339,207.1,0,972,0,0,0,0,0,0,0,0,0,0,0
1646394000,7.013,58.15,613.7,2.8169999999999997,210.3,0,972,0,0,0,0,0,0,0,0,0,0,0
1646394600,7.172000000000001,60.73,614,2.114,214.2,0,972,0,0,0,0,0,0,0,0,0,0,0
1646395200,7.35,58.13,608.9,1.6740000000000002,221.8,0,972,0,0,0,0,0,0,0,0,0,0,0
1646395800,7.525,55.73,608.3,1.8559999999999999,231.6,0,972,0,0,0,0,0,0,0,0,0,0,0
1646396400,7.84,55.96,608.2,2.728,238.2,0,972,0,0,0,0,0,0,0,0,0,0,0
1646397000,7.931,58.29,605,1.955,242.4,0,972,0,0,0,0,0,0,0,0,0,0,0
1646397600,8.08,62.18,595.7,2.394,240.9,0,972,0,0,0,0,0,0,0,0,0,0,0
1646398200,7.837999999999999,64,591.5,1.8019999999999998,267.4,0,971,0,0,0,0,0,0,0,0,0,0,0
1646398800,7.943,60.71,584,3.261,213.2,0,972,0,0,0,0,0,0,0,0,0,0,0
1646399400,8.08,62.05,578.2,3.765,198,0,971,0,0,0,0,0,0,0,0,0,0,0
1646400000,8.22,60.93,565,3.1010000000000004,210.4,0,971,0,0,0,0,0,0,0,0,0,0,0
1646400600,8.44,51.01,552.5,2.705,197,0,971,0,0,0,0,0,0,0,0,0,0,0
1646401200,9.2,45.72,543.5,2.8789999999999996,163.4,0,971,0,0,0,0,0,0,0,0,0,0,0
1646401800,9.25,50.87,523.9,2.96,189.6,0,971,0,0,0,0,0,0,0,0,0,0,0
1646402400,8.78,67.33,502.2,3.2319999999999998,212.8,0,971,0,0,0,0,0,0,0,0,0,0,0
1646403000,8.85,47.17,480.4,3.573,220.1,0,971,0,0,0,0,0,0,0,0,0,0,0
1646403600,9.41,58.84,460.8,2.388,268.4,0,971,0,0,0,0,0,0,0,0,0,0,0
1646404200,9.23,54.15,428.2,3.62,236.3,0,971,0,0,0,0,0,0,0,0,0,0,0
1646404800,9.32,57.59,404.6,2.682,217.7,0,971,0,0,0,0,0,0,0,0,0,0,0
1646405400,9.62,50.39,384.9,2.15,225.5,0,971,0,0,0,0,0,0,0,0,0,0,0
1646406000,10.17,41.75,358.8,1.973,235.4,0,971,0,0,0,0,0,0,0,0,0,0,0
1646406600,10.93,22.49,334.6,2.266,78.85,0,971,0,0,0,0,0,0,0,0,0,0,0
1646407200,11.51,20.2,309.2,4.029,34.17,0,971,0,0,0,0,0,0,0,0,0,0,0
1646407800,11.51,26.63,284.4,2.9019999999999997,56.01,0,971,0,0,0,0,0,0,0,0,0,0,0
1646408400,11.43,20.77,258.7,4.494,57,0,971,0,0,0,0,0,0,0,0,0,0,0
1646409000,11.39,20.93,232,5.74,67.57,0,971,0,0,0,0,0,0,0,0,0,0,0
1646409600,11.38,22.28,206.1,4.071000000000001,55.37,0,971,0,0,0,0,0,0,0,0,0,0,0
1646410200,11.37,21.65,175.9,4.273,32.17,0,971,0,0,0,0,0,0,0,0,0,0,0
1646410800,11.29,22.51,149.3,5.082,35.73,0,971,0,0,0,0,0,0,0,0,0,0,0
1646411400,11.18,23.95,123.7,4.053999999999999,29.77,0,971,0,0,0,0,0,0,0,0,0,0,0
1646412000,11.01,19.29,96.6,4.797,43.92,0,971,0,0,0,0,0,0,0,0,0,0,0
1646412600,10.82,21.42,70.44,4.775,32.31,0,971,0,0,0,0,0,0,0,0,0,0,0
1646413200,10.61,21.5,47.86,4.724,33.45,0,971,0,0,0,0,0,0,0,0,0,0,0
1646413800,10.37,21.35,28.87,4.704,17.31,0,971,0,0,0,0,0,0,0,0,0,0,0
1646414400,10.1,21.75,10.3,5.14,17.89,0,971,0,0,0,0,0,0,0,0,0,0,0
1646415000,9.8,21.48,4.504,5.239,19.51,0,971,0,0,0,0,0,0,0,0,0,0,0
1646415600,9.51,21.49,1.696,6.065,17.82,0,971,0,0,0,0,0,0,0,0,0,0,0
1646416200,9.29,24.82,0.35100000000000003,6.082000000000001,23.65,0,971,0,0,0,0,0,0,0,0,0,0,0
1646416800,9.04,24.81,0.035,6.445,23.49,0,971,0,0,0,0,0,0,0,0,0,0,0
1646417400,8.8,26.03,0.004,6.57,22.08,0,971,0,0,0,0,0,0,0,0,0,0,0
1646418000,8.58,27.68,0.001,6.221,17.64,0,971,0,0,0,0,0,0,0,0,0,0,0
1646418600,8.42,31.32,0.001,6.431,23.86,0,971,0,0,0,0,0,0,0,0,0,0,0
1646419200,8.24,29.24,0.001,6.721,21.66,0,971,0,0,0,0,0,0,0,0,0,0,0
1646419800,8.05,30.36,0.001,6.631,21.84,0,971,0,0,0,0,0,0,0,0,0,0,0
1646420400,7.952999999999999,29.58,0.001,7.32,20.45,0,972,0,0,0,0,0,0,0,0,0,0,0
1646421000,7.837000000000001,29.71,0.001,7.317,18.94,0,972,0,0,0,0,0,0,0,0,0,0,0
1646421600,7.702000000000001,33.13,0.001,7.456,22.52,0,972,0,0,0,0,0,0,0,0,0,0,0
1646422200,7.712999999999999,32.02,0.001,8.01,20.69,0,972,0,0,0,0,0,0,0,0,0,0,0
1646422800,7.587000000000001,33.56,0.001,7.648,21.42,0,972,0,0,0,0,0,0,0,0,0,0,0
1646423400,7.526,32.22,0.001,7.893,20.83,0,972,0,0,0,0,0,0,0,0,0,0,0
1646424000,7.495,31.79,0.001,7.506,24.23,0,972,0,0,0,0,0,0,0,0,0,0,0
1646424600,7.482,31.63,0.001,7.686,22.89,0,972,0,0,0,0,0,0,0,0,0,0,0
1646425200,7.428999999999999,32.34,0.001,7.716,19.23,0,972,0,0,0,0,0,0,0,0,0,0,0
1646425800,7.237,31.94,0.001,8.3,16.52,0,972,0,0,0,0,0,0,0,0,0,0,0
1646426400,7.182,31.26,0.001,8.13,22.72,0,972,0,0,0,0,0,0,0,0,0,0,0
1646427000,7.057,35.74,0.001,7.926,18.12,0,972,0,0,0,0,0,0,0,0,0,0,0
1646427600,6.815,36.67,0.001,7.694,22.61,0,972,0,0,0,0,0,0,0,0,0,0,0
1646428200,6.83,35.53,0.001,7.472,18.12,0,972,0,0,0,0,0,0,0,0,0,0,0
1646428800,6.495,34.83,0.001,5.026,334.6,0,972,0,0,0,0,0,0,0,0,0,0,0
1646429400,6.52,37.91,0.001,3.133,297.7,0,972,0,0,0,0,0,0,0,0,0,0,0
1646430000,6.287000000000001,38.87,0.001,1.5819999999999999,298.8,0,972,0,0,0,0,0,0,0,0,0,0,0
1646430600,6.269,38.98,0.001,0.777,105,0,972,0,0,0,0,0,0,0,0,0,0,0
1646431200,6.237,37.02,0.001,1.2329999999999999,241.7,0,972,0,0,0,0,0,0,0,0,0,0,0
1646431800,5.996,39.56,0.001,1.147,321.4,0,972,0,0,0,0,0,0,0,0,0,0,0
1646432400,5.896,37.75,0.001,0.8079999999999999,14.69,0,972,0,0,0,0,0,0,0,0,0,0,0
1646433000,5.662000000000001,37.77,0.001,1.4409999999999998,29.19,0,972,0,0,0,0,0,0,0,0,0,0,0
1646433600,5.675,39.15,0.001,2.738,37.89,0,972,0,0,0,0,0,0,0,0,0,0,0
1646434200,5.709,39.06,0.001,2.927,41.89,0,972,0,0,0,0,0,0,0,0,0,0,0
1646434800,5.736000000000001,35.29,0.001,2.9819999999999998,29.94,0,972,0,0,0,0,0,0,0,0,0,0,0
1646435400,5.603,36.81,0.001,2.9789999999999996,30.49,0,972,0,0,0,0,0,0,0,0,0,0,0
1646436000,5.452999999999999,39.23,0.001,1.4709999999999999,192.3,0,972,0,0,0,0,0,0,0,0,0,0,0
1646436600,5.392,42.22,0.001,1.8119999999999998,240.6,0,972,0,0,0,0,0,0,0,0,0,0,0
1646437200,5.4639999999999995,38.6,0.001,1.93,235.9,0,972,0,0,0,0,0,0,0,0,0,0,0
1646437800,5.631,45.9,0.001,1.4580000000000002,237.6,0,972,0,0,0,0,0,0,0,0,0,0,0
1646438400,5.604,45.26,0.001,2.654,174,0,972,0,0,0,0,0,0,0,0,0,0,0
1646439000,5.442,41.11,0.001,2.577,265.5,0,972,0,0,0,0,0,0,0,0,0,0,0
1646439600,5.247999999999999,39.03,0.001,2.513,314.9,0,972,0,0,0,0,0,0,0,0,0,0,0
1646440200,5.263,36.24,0.001,2.998,332,0,973,0,0,0,0,0,0,0,0,0,0,0
1646440800,5.152,41.46,0.001,2.742,316.2,0,973,0,0,0,0,0,0,0,0,0,0,0
1646441400,5.06,36.47,0.001,2.544,342.3,0,973,0,0,0,0,0,0,0,0,0,0,0
1646442000,5.051,38.54,0.001,2.4659999999999997,331.7,0,973,0,0,0,0,0,0,0,0,0,0,0
1646442600,4.793,37.16,0.001,3.637,340.6,0,973,0,0,0,0,0,0,0,0,0,0,0
1646443200,4.702,37.67,0.001,3.2460000000000004,344.8,0,973,0,0,0,0,0,0,0,0,0,0,0
1646443800,4.629,40.96,0.001,2.8810000000000002,359.4,0,973,0,0,0,0,0,0,0,0,0,0,0
1646444400,4.369,39.1,0.001,3.759,355.8,0,973,0,0,0,0,0,0,0,0,0,0,0
1646445000,4.24,39.38,0.001,3.8280000000000003,353.7,0,973,0,0,0,0,0,0,0,0,0,0,0
1646445600,4.333,43.05,0.001,2.8939999999999997,353.5,0,973,0,0,0,0,0,0,0,0,0,0,0
1646446200,4.03,46.18,0.001,2.472,1.7630000000000001,0,973,0,0,0,0,0,0,0,0,0,0,0
1646446800,4.0969999999999995,44.71,0.001,1.7180000000000002,336.8,0,973,0,0,0,0,0,0,0,0,0,0,0
1646447400,3.859,44.44,0.001,1.81,342.4,0,973,0,0,0,0,0,0,0,0,0,0,0
1646448000,4.115,47.9,0.001,1.597,343.3,0,973,0,0,0,0,0,0,0,0,0,0,0
1646448600,3.727,45.35,0.001,0.8,59.34,0,973,0,0,0,0,0,0,0,0,0,0,0
1646449200,3.7310000000000003,49.02,0.001,0.9690000000000001,122.6,0,973,0,0,0,0,0,0,0,0,0,0,0
1646449800,3.681,45.56,0.001,0.585,78.03,0,973,0,0,0,0,0,0,0,0,0,0,0
1646450400,3.492,48.1,0.001,0.179,45.53,0,973,0,0,0,0,0,0,0,0,0,0,0
1646451000,3.0669999999999997,52.9,0.001,2.637,78.39,0,973,0,0,0,0,0,0,0,0,0,0,0
1646451600,2.673,49.89,0.001,1.982,62.88,0,973,0,0,0,0,0,0,0,0,0,0,0
1646452200,2.722,52.69,0.001,2.346,68.05,0,973,0,0,0,0,0,0,0,0,0,0,0
1646452800,2.406,52.34,0.001,3.83,73.46,0,973,0,0,0,0,0,0,0,0,0,0,0
1646453400,2.331,53.25,0.001,3.4960000000000004,70.66,0,973,0,0,0,0,0,0,0,0,0,0,0
1646454000,2.417,55.39,0.001,2.802,51.07,0,973,0,0,0,0,0,0,0,0,0,0,0
1646454600,2.271,54.59,0.001,2.6710000000000003,70.35,0,973,0,0,0,0,0,0,0,0,0,0,0
1646455200,1.9969999999999999,56.31,0.001,2.572,68.49,0,973,0,0,0,0,0,0,0,0,0,0,0
1646455800,2.23,54.19,0.001,2.863,36.93,0,973,0,0,0,0,0,0,0,0,0,0,0
1646456400,2.235,53.53,0.001,2.314,32.68,0,973,0,0,0,0,0,0,0,0,0,0,0
1646457000,2.354,53.8,0.001,1.432,46.31,0,973,0,0,0,0,0,0,0,0,0,0,0
1646457600,2.025,53.57,0.001,1.425,30.56,0,973,0,0,0,0,0,0,0,0,0,0,0
1646458200,2.1069999999999998,55.76,0.004,1.416,27.43,0,973,0,0,0,0,0,0,0,0,0,0,0
1646458800,2.174,55.37,0.048,1.4769999999999999,17.45,0,973,0,0,0,0,0,0,0,0,0,0,0
1646459400,2.015,54.26,0.447,1.8619999999999999,42.84,0,973,0,0,0,0,0,0,0,0,0,0,0
1646460000,1.8659999999999999,55.74,1.849,1.463,48.18,0,973,0,0,0,0,0,0,0,0,0,0,0
1646460600,1.574,59.81,4.507,2.1630000000000003,53.13,0,973,0,0,0,0,0,0,0,0,0,0,0
1646461200,1.682,57.21,8.56,2.198,55.89,0,973,0,0,0,0,0,0,0,0,0,0,0
1646461800,1.6380000000000001,56.5,25.43,2.0380000000000003,45.28,0,973,0,0,0,0,0,0,0,0,0,0,0
1646462400,1.605,58.26,61.9,1.739,44.04,0,973,0,0,0,0,0,0,0,0,0,0,0
1646463000,1.745,55.3,90.3,1.6469999999999998,63.21,0,973,0,0,0,0,0,0,0,0,0,0,0
1646463600,2.0069999999999997,52.48,121.1,0.867,75.32,0,973,0,0,0,0,0,0,0,0,0,0,0
1646464200,2.184,51.33,149.4,1.194,69.16,0,973,0,0,0,0,0,0,0,0,0,0,0
1646464800,2.385,51.71,177.9,0.9420000000000001,58.1,0,974,0,0,0,0,0,0,0,0,0,0,0
1646465400,2.761,49.63,205.3,0.935,69.72,0,974,0,0,0,0,0,0,0,0,0,0,0
1646466000,2.903,50.44,234.6,1.078,51.96,0,974,0,0,0,0,0,0,0,0,0,0,0
1646466600,3.3939999999999997,48.57,263.4,1.07,77.97,0,974,0,0,0,0,0,0,0,0,0,0,0
1646467200,3.842,50.99,292.1,1.514,79.56,0,974,0,0,0,0,0,0,0,0,0,0,0
1646467800,3.81,51.73,318,2.35,82.3,0,974,0,0,0,0,0,0,0,0,0,0,0
1646468400,3.873,52.72,344.5,1.383,106.9,0,974,0,0,0,0,0,0,0,0,0,0,0
1646469000,3.8739999999999997,55.6,371.2,1.445,139,0,974,0,0,0,0,0,0,0,0,0,0,0
1646469600,3.7889999999999997,54.55,396.6,1.996,126.4,0,974,0,0,0,0,0,0,0,0,0,0,0
1646470200,3.748,60.56,420.3,2.4459999999999997,141.7,0,974,0,0,0,0,0,0,0,0,0,0,0
1646470800,3.659,61.33,441.9,2.384,155,0,974,0,0,0,0,0,0,0,0,0,0,0
1646471400,3.6519999999999997,59.53,463.2,2.113,169.7,0,974,0,0,0,0,0,0,0,0,0,0,0
1646472000,3.898,59.78,484,1.765,181.6,0,974,0,0,0,0,0,0,0,0,0,0,0
1646472600,3.81,59.81,502.2,1.916,194,0,974,0,0,0,0,0,0,0,0,0,0,0
1646473200,3.873,58.77,521.9,1.9509999999999998,212.1,0,974,0,0,0,0,0,0,0,0,0,0,0
1646473800,3.841,57.97,538.2,1.891,205.6,0,974,0,0,0,0,0,0,0,0,0,0,0
1646474400,4.035,55.54,553.3,1.3869999999999998,199.2,0,974,0,0,0,0,0,0,0,0,0,0,0
1646475000,4.2219999999999995,55.33,567.4,1.079,200.6,0,974,0,0,0,0,0,0,0,0,0,0,0
1646475600,4.292,53.92,579.9,1.3459999999999999,202.2,0,974,0,0,0,0,0,0,0,0,0,0,0
1646476200,4.38,55.44,590.7,1.3359999999999999,195.7,0,974,0,0,0,0,0,0,0,0,0,0,0
1646476800,4.505,57.14,600.5,1.166,199.9,0,974,0,0,0,0,0,0,0,0,0,0,0
1646477400,4.428999999999999,56.68,610.3,1.7519999999999998,203.6,0,974,0,0,0,0,0,0,0,0,0,0,0
1646478000,4.359,56.26,620.5,1.9880000000000002,199.9,0,973,0,0,0,0,0,0,0,0,0,0,0
1646478600,4.522,58.17,623.8,1.65,189.4,0,973,0,0,0,0,0,0,0,0,0,0,0
1646479200,4.607,55.32,627.7,2.106,193.5,0,973,0,0,0,0,0,0,0,0,0,0,0
1646479800,4.593999999999999,55.83,628.1,2.0340000000000003,199.9,0,973,0,0,0,0,0,0,0,0,0,0,0
1646480400,4.579,55.87,627.7,1.936,206.6,0,973,0,0,0,0,0,0,0,0,0,0,0
1646481000,4.746,54.88,628.9,1.979,208.8,0,973,0,0,0,0,0,0,0,0,0,0,0
1646481600,4.9110000000000005,50.22,627.9,1.595,220.3,0,973,0,0,0,0,0,0,0,0,0,0,0
1646482200,5.279,52.74,623.9,1.126,200.8,0,973,0,0,0,0,0,0,0,0,0,0,0
1646482800,5.3660000000000005,53.69,617.2,1.479,214.1,0,973,0,0,0,0,0,0,0,0,0,0,0
1646483400,5.718999999999999,50.25,609.3,1.276,217.5,0,973,0,0,0,0,0,0,0,0,0,0,0
1646484000,5.7010000000000005,50.61,604.5,1.161,213.1,0,973,0,0,0,0,0,0,0,0,0,0,0
1646484600,5.943,48.62,597.9,1.29,229.8,0,973,0,0,0,0,0,0,0,0,0,0,0
1646485200,6.007999999999999,47.47,590.9,1.159,218.8,0,973,0,0,0,0,0,0,0,0,0,0,0
1646485800,6.462999999999999,45.78,581.8,0.893,199.4,0,973,0,0,0,0,0,0,0,0,0,0,0
1646486400,6.372999999999999,46.57,569.2,1.073,214.1,0,973,0,0,0,0,0,0,0,0,0,0,0
1646487000,6.825,45.23,554.4,0.645,187.6,0,972,0,0,0,0,0,0,0,0,0,0,0
1646487600,7.277,43.57,545.1,0.511,201.9,0,972,0,0,0,0,0,0,0,0,0,0,0
1646488200,7.928999999999999,42.76,527.3,0.24100000000000002,227,0,972,0,0,0,0,0,0,0,0,0,0,0
1646488800,7.194,48.67,508.8,1.217,171,0,972,0,0,0,0,0,0,0,0,0,0,0
1646489400,6.7139999999999995,44.05,485.4,0.91,161.7,0,972,0,0,0,0,0,0,0,0,0,0,0
1646490000,6.899,44.91,465.1,1.358,176.2,0,972,0,0,0,0,0,0,0,0,0,0,0
1646490600,7.087000000000001,44.92,444.3,0.862,194.3,0,972,0,0,0,0,0,0,0,0,0,0,0
1646491200,7.204,47.67,417.9,1.4980000000000002,176.7,0,972,0,0,0,0,0,0,0,0,0,0,0
1646491800,7.091,44.76,388.3,1.944,184,0,972,0,0,0,0,0,0,0,0,0,0,0
1646492400,7.152,42.53,366.2,2.0340000000000003,171.6,0,972,0,0,0,0,0,0,0,0,0,0,0
1646493000,7.482,48.46,340.6,1.409,223.2,0,972,0,0,0,0,0,0,0,0,0,0,0
1646493600,7.665,47.7,315.5,1.815,259.1,0,972,0,0,0,0,0,0,0,0,0,0,0
1646494200,7.555,43.62,287.6,2.009,256.7,0,972,0,0,0,0,0,0,0,0,0,0,0
1646494800,7.617999999999999,43.35,260.5,2.3409999999999997,249.1,0,971,0,0,0,0,0,0,0,0,0,0,0
1646495400,7.608,43.63,233.1,2.424,249.1,0,971,0,0,0,0,0,0,0,0,0,0,0
1646496000,7.614,42.96,207.3,2.045,258.8,0,971,0,0,0,0,0,0,0,0,0,0,0
1646496600,7.586,49.82,180.3,1.591,267,0,971,0,0,0,0,0,0,0,0,0,0,0
1646497200,7.632000000000001,50.67,154.8,1.31,266.7,0,971,0,0,0,0,0,0,0,0,0,0,0
1646497800,7.657,51.38,131.3,1.013,268.4,0,971,0,0,0,0,0,0,0,0,0,0,0
1646498400,7.497000000000001,57.2,105.6,1.167,274.6,0,971,0,0,0,0,0,0,0,0,0,0,0
1646499000,7.391,53.74,82.1,1.258,263.1,0,972,0,0,0,0,0,0,0,0,0,0,0
1646499600,7.504,54.54,59.38,1.0590000000000002,257.3,0,972,0,0,0,0,0,0,0,0,0,0,0
1646500200,7.376,59.25,36.36,0.961,272,0,972,0,0,0,0,0,0,0,0,0,0,0
1646500800,7.1,50.87,14.01,0.997,317.1,0,972,0,0,0,0,0,0,0,0,0,0,0
1646501400,7.305,40.32,5.202999999999999,1.254,312.2,0,972,0,0,0,0,0,0,0,0,0,0,0
1646502000,7.406000000000001,30.73,2.001,1.008,324.2,0,972,0,0,0,0,0,0,0,0,0,0,0
1646502600,7.398,24.19,0.469,1.952,10.73,0,972,0,0,0,0,0,0,0,0,0,0,0
1646503200,7.25,28.97,0.057,2.329,27.78,0,972,0,0,0,0,0,0,0,0,0,0,0
1646503800,6.824,28.44,0.006,3.846,7.9479999999999995,0,972,0,0,0,0,0,0,0,0,0,0,0
1646504400,6.574,27.97,0.002,4.753,7.422000000000001,0,972,0,0,0,0,0,0,0,0,0,0,0
1646505000,6.406000000000001,28.39,0.001,5.268,8.41,0,972,0,0,0,0,0,0,0,0,0,0,0
1646505600,6.263999999999999,28.6,0.001,5.391,9.27,0,972,0,0,0,0,0,0,0,0,0,0,0
1646506200,6.146,28.78,0.001,5.0360000000000005,8.97,0,972,0,0,0,0,0,0,0,0,0,0,0
1646506800,6.08,29.13,0.001,5.211,10.96,0,972,0,0,0,0,0,0,0,0,0,0,0
1646507400,6.057,31.9,0.001,5.325,11.92,0,972,0,0,0,0,0,0,0,0,0,0,0
1646508000,6.044,32.24,0.001,5.364,11.58,0,972,0,0,0,0,0,0,0,0,0,0,0
1646508600,5.972,34.7,0.001,5.011,12.05,0,972,0,0,0,0,0,0,0,0,0,0,0
1646509200,5.877999999999999,35.43,0.001,5.4639999999999995,14.4,0,972,0,0,0,0,0,0,0,0,0,0,0
1646509800,5.824,37.39,0.001,5.721,13.69,0,972,0,0,0,0,0,0,0,0,0,0,0
1646510400,5.77,36.91,0.001,5.532,16.82,0,972,0,0,0,0,0,0,0,0,0,0,0
1646511000,5.725,37.5,0.001,5.545,18.23,0,972,0,0,0,0,0,0,0,0,0,0,0
1646511600,5.652,37.93,0.001,6.055,19.68,0,972,0,0,0,0,0,0,0,0,0,0,0
1646512200,5.462999999999999,40.87,0.001,5.965,19.02,0,972,0,0,0,0,0,0,0,0,0,0,0
1646512800,5.421,40.07,0.001,6.042999999999999,18.04,0,972,0,0,0,0,0,0,0,0,0,0,0
1646513400,5.319,39.76,0.001,5.916,17.83,0,972,0,0,0,0,0,0,0,0,0,0,0
1646514000,5.294,42.27,0.001,5.888,19.77,0,972,0,0,0,0,0,0,0,0,0,0,0
1646514600,5.322,40.35,0.001,5.646,21.37,0,972,0,0,0,0,0,0,0,0,0,0,0
1646515200,5.334,41.64,0.001,5.092,23.49,0,972,0,0,0,0,0,0,0,0,0,0,0
1646515800,5.325,41.2,0.001,5.832999999999999,21.74,0,972,0,0,0,0,0,0,0,0,0,0,0
1646516400,5.303999999999999,41.35,0.001,5.99,23.05,0,972,0,0,0,0,0,0,0,0,0,0,0
1646517000,5.229,41.35,0.001,5.516,21.43,0,972,0,0,0,0,0,0,0,0,0,0,0
1646517600,5.1370000000000005,41.5,0.001,4.673,6.926,0,972,0,0,0,0,0,0,0,0,0,0,0
1646518200,4.792,41.75,0.001,2.207,325.9,0,972,0,0,0,0,0,0,0,0,0,0,0
1646518800,4.694,42.78,0.001,1.272,331.7,0,973,0,0,0,0,0,0,0,0,0,0,0
1646519400,4.777,41.7,0.001,1.935,166.9,0,972,0,0,0,0,0,0,0,0,0,0,0
1646520000,4.756,41.23,0.001,1.6880000000000002,202.1,0,972,0,0,0,0,0,0,0,0,0,0,0
1646520600,4.62,41.27,0.001,1.524,302.6,0,972,0,0,0,0,0,0,0,0,0,0,0
1646521200,4.5,40.85,0.001,1.466,314,0,972,0,0,0,0,0,0,0,0,0,0,0
1646521800,4.371,40.14,0.001,1.4080000000000001,286.6,0,972,0,0,0,0,0,0,0,0,0,0,0
1646522400,4.253,41.32,0.001,2.523,290.5,0,972,0,0,0,0,0,0,0,0,0,0,0
1646523000,4.216,40.52,0.001,2.154,293.1,0,972,0,0,0,0,0,0,0,0,0,0,0
1646523600,4.263,41.15,0.001,2.89,310.8,0,972,0,0,0,0,0,0,0,0,0,0,0
1646524200,4.192,42.19,0.001,2.608,320.8,0,973,0,0,0,0,0,0,0,0,0,0,0
1646524800,4.093,43.16,0.001,2.074,319.4,0,972,0,0,0,0,0,0,0,0,0,0,0
1646525400,4.192,41.83,0.001,2.481,332.6,0,973,0,0,0,0,0,0,0,0,0,0,0
1646526000,3.8739999999999997,47.39,0.001,1.913,309.8,0,973,0,0,0,0,0,0,0,0,0,0,0
1646526600,4.14,45.47,0.001,1.0859999999999999,58.94,0,972,0,0,0,0,0,0,0,0,0,0,0
1646527200,3.852,42.18,0.001,0.861,3.832,0,972,0,0,0,0,0,0,0,0,0,0,0
1646527800,3.565,47.28,0.001,1.631,345.6,0,973,0,0,0,0,0,0,0,0,0,0,0
1646528400,3.361,49.79,0.001,1.5430000000000001,10.48,0,973,0,0,0,0,0,0,0,0,0,0,0
1646529000,3.353,46.02,0.001,1.319,20.47,0,973,0,0,0,0,0,0,0,0,0,0,0
1646529600,2.9789999999999996,52.41,0.001,1.4169999999999998,58.07,0,973,0,0,0,0,0,0,0,0,0,0,0
1646530200,2.822,46.5,0.001,1.5519999999999998,52.8,0,973,0,0,0,0,0,0,0,0,0,0,0
1646530800,2.674,46.86,0.001,1.689,27.57,0,973,0,0,0,0,0,0,0,0,0,0,0
1646531400,2.532,48.59,0.001,1.591,32.31,0,973,0,0,0,0,0,0,0,0,0,0,0
1646532000,2.5610000000000004,48.33,0.001,1.065,55.85,0,973,0,0,0,0,0,0,0,0,0,0,0
1646532600,2.374,48.8,0.001,1.337,15.53,0,973,0,0,0,0,0,0,0,0,0,0,0
1646533200,2.2880000000000003,52.22,0.001,0.937,22.51,0,973,0,0,0,0,0,0,0,0,0,0,0
1646533800,2.186,50.32,0.001,1.3559999999999999,358.6,0,973,0,0,0,0,0,0,0,0,0,0,0
1646534400,2.1430000000000002,50.7,0.001,1.365,9.17,0,973,0,0,0,0,0,0,0,0,0,0,0
1646535000,2.046,51.97,0.001,1.319,357.4,0,973,0,0,0,0,0,0,0,0,0,0,0
1646535600,1.949,51.96,0.001,1.649,358.5,0,973,0,0,0,0,0,0,0,0,0,0,0
1646536200,1.9809999999999999,56,0.001,1.085,13.48,0,973,0,0,0,0,0,0,0,0,0,0,0
1646536800,1.7519999999999998,53.55,0.001,0.745,346.3,0,973,0,0,0,0,0,0,0,0,0,0,0
1646537400,1.659,54.18,0.001,1.171,340.9,0,973,0,0,0,0,0,0,0,0,0,0,0
1646538000,1.6469999999999998,53.49,0.001,1.318,349.3,0,973,0,0,0,0,0,0,0,0,0,0,0
1646538600,1.59,55.74,0.001,0.847,27.72,0,973,0,0,0,0,0,0,0,0,0,0,0
1646539200,1.6130000000000002,57.56,0.001,1.8359999999999999,34.4,0,973,0,0,0,0,0,0,0,0,0,0,0
1646539800,1.64,56.03,0.001,2.083,28.3,0,973,0,0,0,0,0,0,0,0,0,0,0
1646540400,1.531,56.58,0.001,1.489,16.78,0,973,0,0,0,0,0,0,0,0,0,0,0
1646541000,1.5190000000000001,57.73,0.001,1.253,1.058,0,973,0,0,0,0,0,0,0,0,0,0,0
1646541600,1.541,57.37,0.001,1.361,12.2,0,973,0,0,0,0,0,0,0,0,0,0,0
1646542200,1.329,55.9,0.001,0.799,40.89,0,973,0,0,0,0,0,0,0,0,0,0,0
1646542800,1.244,58,0.001,1.126,57.84,0,973,0,0,0,0,0,0,0,0,0,0,0
1646543400,1.217,58.12,0.001,1.7990000000000002,66.17,0,973,0,0,0,0,0,0,0,0,0,0,0
1646544000,1.204,57.11,0.001,1.7530000000000001,62.1,0,973,0,0,0,0,0,0,0,0,0,0,0
1646544600,1.088,59.91,0.005,1.475,64.43,0,973,0,0,0,0,0,0,0,0,0,0,0
1646545200,1.112,57.69,0.073,0.925,29.69,0,973,0,0,0,0,0,0,0,0,0,0,0
1646545800,1.2590000000000001,55.79,0.5720000000000001,1.2570000000000001,23.5,0,973,0,0,0,0,0,0,0,0,0,0,0
1646546400,1.23,58.21,2.244,1.345,19.64,0,973,0,0,0,0,0,0,0,0,0,0,0
1646547000,1.172,55.82,5.329,1.371,11.77,0,973,0,0,0,0,0,0,0,0,0,0,0
1646547600,1.001,59.7,10.96,1.367,29.1,0,973,0,0,0,0,0,0,0,0,0,0,0
1646548200,0.99,59,27.75,1.74,28.55,0,973,0,0,0,0,0,0,0,0,0,0,0
1646548800,0.94,58.51,55.73,2.904,34.22,0,973,0,0,0,0,0,0,0,0,0,0,0
1646549400,0.706,58.4,81.9,3.4539999999999997,22.38,0,973,0,0,0,0,0,0,0,0,0,0,0
1646550000,1,57.84,110.1,2.843,36.96,0,974,0,0,0,0,0,0,0,0,0,0,0
1646550600,1.105,60.12,138.4,4.284,55.66,0,974,0,0,0,0,0,0,0,0,0,0,0
1646551200,0.797,58.97,168.5,5.377999999999999,59.68,0,974,0,0,0,0,0,0,0,0,0,0,0
1646551800,0.934,58.91,199.2,3.7960000000000003,67.51,0,974,0,0,0,0,0,0,0,0,0,0,0
1646552400,1.321,59.75,226.9,4.282,68.59,0,974,0,0,0,0,0,0,0,0,0,0,0
1646553000,1.436,58.99,254.9,3.553,64.64,0,974,0,0,0,0,0,0,0,0,0,0,0
1646553600,1.976,56.37,257.7,3.7689999999999997,76.67,0,974,0,0,0,0,0,0,0,0,0,0,0
1646554200,2.168,58.59,263.2,3.0660000000000003,72.3,0,974,0,0,0,0,0,0,0,0,0,0,0
1646554800,2.34,56.28,291.8,2.09,65.32,0,974,0,0,0,0,0,0,0,0,0,0,0
1646555400,2.5639999999999996,57.43,315.3,2.256,69.62,0,974,0,0,0,0,0,0,0,0,0,0,0
1646556000,2.657,54.21,339.6,1.7690000000000001,91.6,0,974,0,0,0,0,0,0,0,0,0,0,0
1646556600,2.722,55.06,363.3,2.8810000000000002,119.2,0,974,0,0,0,0,0,0,0,0,0,0,0
1646557200,2.745,55.55,385.8,3.1889999999999996,113.2,0,974,0,0,0,0,0,0,0,0,0,0,0
1646557800,2.832,59.39,407.5,2.6689999999999996,128,0,974,0,0,0,0,0,0,0,0,0,0,0
1646558400,2.786,63.86,428,2.3209999999999997,164.8,0,974,0,0,0,0,0,0,0,0,0,0,0
1646559000,2.722,61.76,446.3,2.463,182.5,0,974,0,0,0,0,0,0,0,0,0,0,0
1646559600,2.716,65.59,464.6,2.5540000000000003,205.9,0,974,0,0,0,0,0,0,0,0,0,0,0
1646560200,2.722,65.49,481.4,2.5780000000000003,215.9,0,974,0,0,0,0,0,0,0,0,0,0,0
1646560800,2.633,66.21,498.6,2.864,208.8,0,974,0,0,0,0,0,0,0,0,0,0,0
1646561400,2.745,66.82,512.9,2.387,208.1,0,974,0,0,0,0,0,0,0,0,0,0,0
1646562000,2.779,63.5,524.6,2.299,204.9,0,974,0,0,0,0,0,0,0,0,0,0,0
1646562600,3.0060000000000002,63.22,536.3,1.666,191.9,0,974,0,0,0,0,0,0,0,0,0,0,0
1646563200,3.0460000000000003,61.6,549.2,1.615,196.7,0,974,0,0,0,0,0,0,0,0,0,0,0
1646563800,3.2039999999999997,61.65,560.9,1.736,211.4,0,974,0,0,0,0,0,0,0,0,0,0,0
1646564400,3.161,60.69,570.8,1.785,208.8,0,974,0,0,0,0,0,0,0,0,0,0,0
1646565000,3.247,61.16,577.7,2.093,220.4,0,974,0,0,0,0,0,0,0,0,0,0,0
1646565600,3.312,60.74,581.7,1.996,214.5,0,974,0,0,0,0,0,0,0,0,0,0,0
1646566200,3.3489999999999998,58.86,584.2,2.13,217.6,0,974,0,0,0,0,0,0,0,0,0,0,0
1646566800,3.594,57.52,588.1,1.5859999999999999,204.7,0,974,0,0,0,0,0,0,0,0,0,0,0
1646567400,3.842,57.35,591.5,1.615,193.4,0,974,0,0,0,0,0,0,0,0,0,0,0
1646568000,3.931,55.99,590.8,1.3659999999999999,209.9,0,974,0,0,0,0,0,0,0,0,0,0,0
1646568600,4.212,56.33,589.2,1.4409999999999998,209.5,0,974,0,0,0,0,0,0,0,0,0,0,0
1646569200,4.351,54.54,585.7,1.643,199.8,0,974,0,0,0,0,0,0,0,0,0,0,0
1646569800,4.44,56.68,579,1.601,209.4,0,974,0,0,0,0,0,0,0,0,0,0,0
1646570400,4.689,53.23,570.6,1.524,211,0,974,0,0,0,0,0,0,0,0,0,0,0
1646571000,4.838,53.52,564.1,1.757,230.7,0,974,0,0,0,0,0,0,0,0,0,0,0
1646571600,5.06,53.79,557.5,1.749,226.8,0,973,0,0,0,0,0,0,0,0,0,0,0
1646572200,5.157,53.77,549.5,1.354,225.6,0,973,0,0,0,0,0,0,0,0,0,0,0
1646572800,5.125,52.9,538.7,1.876,218.2,0,973,0,0,0,0,0,0,0,0,0,0,0
1646573400,5.354,54.75,525.8,1.4669999999999999,223.8,0,973,0,0,0,0,0,0,0,0,0,0,0
1646574000,5.376,53.83,516.8,1.797,223.6,0,973,0,0,0,0,0,0,0,0,0,0,0
1646574600,5.653,53.4,501.3,1.55,228.4,0,973,0,0,0,0,0,0,0,0,0,0,0
1646575200,5.857,52.56,478.9,1.719,232.8,0,973,0,0,0,0,0,0,0,0,0,0,0
1646575800,5.734,50.45,461.6,1.857,229.2,0,973,0,0,0,0,0,0,0,0,0,0,0
1646576400,6.029,52.09,440.8,1.567,228.4,0,973,0,0,0,0,0,0,0,0,0,0,0
1646577000,6.03,52.08,419.9,1.925,228.6,0,973,0,0,0,0,0,0,0,0,0,0,0
1646577600,6.019,52.72,395.1,2.032,218.5,0,973,0,0,0,0,0,0,0,0,0,0,0
1646578200,6.056,55.01,374,2.097,221.5,0,973,0,0,0,0,0,0,0,0,0,0,0
1646578800,6.228,52.64,351.4,2.207,229.7,0,973,0,0,0,0,0,0,0,0,0,0,0
1646579400,6.223,53.61,331.4,2.019,221.3,0,973,0,0,0,0,0,0,0,0,0,0,0
1646580000,6.32,53.63,304.6,1.7169999999999999,220.7,0,973,0,0,0,0,0,0,0,0,0,0,0
1646580600,6.441,56.02,278.9,1.83,220.2,0,973,0,0,0,0,0,0,0,0,0,0,0
1646581200,6.433,55.31,251.7,2.513,217.8,0,973,0,0,0,0,0,0,0,0,0,0,0
1646581800,6.47,55.61,225.3,2.38,224.2,0,973,0,0,0,0,0,0,0,0,0,0,0
1646582400,6.561,53.18,201.1,2.7680000000000002,227.5,0,973,0,0,0,0,0,0,0,0,0,0,0
1646583000,6.591,51.74,175.2,2.01,220.8,0,973,0,0,0,0,0,0,0,0,0,0,0
1646583600,6.676,47.31,150.3,1.08,193,0,973,0,0,0,0,0,0,0,0,0,0,0
1646584200,6.928,43.59,123.2,4.541,11.27,0,973,0,0,0,0,0,0,0,0,0,0,0
1646584800,6.9879999999999995,42.97,98.5,5.114,16.18,0,973,0,0,0,0,0,0,0,0,0,0,0
1646585400,6.921,43.68,75.03,5.693,7.837999999999999,0,973,0,0,0,0,0,0,0,0,0,0,0
1646586000,6.831,43.75,52.65,5.337000000000001,17.69,0,973,0,0,0,0,0,0,0,0,0,0,0
1646586600,6.737,45.36,30.97,5.0489999999999995,17.44,0,973,0,0,0,0,0,0,0,0,0,0,0
1646587200,6.593,45.28,12.64,5.1,24.26,0,973,0,0,0,0,0,0,0,0,0,0,0
1646587800,6.4110000000000005,48.97,5.582999999999999,5.046,20.35,0,973,0,0,0,0,0,0,0,0,0,0,0
1646588400,6.224,45.74,2.325,5.3420000000000005,22.39,0,973,0,0,0,0,0,0,0,0,0,0,0
1646589000,6.117000000000001,46.36,0.629,4.933,28.43,0,973,0,0,0,0,0,0,0,0,0,0,0
1646589600,6.05,46.02,0.08800000000000001,5.665,33.56,0,973,0,0,0,0,0,0,0,0,0,0,0
1646590200,5.914,46.5,0.006999999999999999,6.0760000000000005,39.54,0,973,0,0,0,0,0,0,0,0,0,0,0
1646590800,5.756,48.63,0.002,5.561,39.02,0,973,0,0,0,0,0,0,0,0,0,0,0
1646591400,5.621,47.16,0.001,6.031000000000001,42.72,0,973,0,0,0,0,0,0,0,0,0,0,0
1646592000,5.497999999999999,48.18,0.001,6.649,38.71,0,973,0,0,0,0,0,0,0,0,0,0,0
1646592600,5.405,47.49,0.001,7.1770000000000005,38.28,0,973,0,0,0,0,0,0,0,0,0,0,0
1646593200,5.269,48.6,0.001,7.221,37.38,0,973,0,0,0,0,0,0,0,0,0,0,0
1646593800,5.181,49.08,0.001,7.122000000000001,36.25,0,973,0,0,0,0,0,0,0,0,0,0,0
1646594400,5.106,47.77,0.001,7.445,38.28,0,973,0,0,0,0,0,0,0,0,0,0,0
1646595000,5.021,46.95,0.001,7.477,35.08,0,973,0,0,0,0,0,0,0,0,0,0,0
1646595600,4.954,48.84,0.001,7.367000000000001,33.06,0,973,0,0,0,0,0,0,0,0,0,0,0
1646596200,4.851,50.12,0.001,7.386,29.65,0,973,0,0,0,0,0,0,0,0,0,0,0
1646596800,4.753,49.06,0.001,7.621,29.3,0,973,0,0,0,0,0,0,0,0,0,0,0
1646597400,4.664,48.14,0.001,7.899,27.32,0,973,0,0,0,0,0,0,0,0,0,0,0
1646598000,4.629,48.83,0.001,7.962000000000001,20.61,0,973,0,0,0,0,0,0,0,0,0,0,0
1646598600,4.484,48.85,0.001,7.641,25.23,0,973,0,0,0,0,0,0,0,0,0,0,0
1646599200,4.473,50.42,0.001,7.973,26.61,0,973,0,0,0,0,0,0,0,0,0,0,0
1646599800,4.5680000000000005,49.36,0.001,7.941,25.88,0,974,0,0,0,0,0,0,0,0,0,0,0
1646600400,4.523,50.9,0.001,7.034,25.78,0,974,0,0,0,0,0,0,0,0,0,0,0
1646601000,4.355,50.95,0.001,7.159,23.17,0,973,0,0,0,0,0,0,0,0,0,0,0
1646601600,4.082,51.34,0.001,7.528,25.83,0,974,0,0,0,0,0,0,0,0,0,0,0
1646602200,3.93,54.12,0.001,6.334,29.85,0,974,0,0,0,0,0,0,0,0,0,0,0
1646602800,3.9589999999999996,51.16,0.001,7.051,30.85,0,974,0,0,0,0,0,0,0,0,0,0,0
1646603400,3.892,50.38,0.001,7.355,33.56,0,974,0,0,0,0,0,0,0,0,0,0,0
1646604000,3.911,51.54,0.001,7.237,32.65,0,974,0,0,0,0,0,0,0,0,0,0,0
1646604600,3.91,49.85,0.001,7.849,36.21,0,974,0,0,0,0,0,0,0,0,0,0,0
1646605200,3.867,52.98,0.001,6.78,38.31,0,974,0,0,0,0,0,0,0,0,0,0,0
1646605800,3.924,49.61,0.001,6.585,41.36,0,974,0,0,0,0,0,0,0,0,0,0,0
1646606400,3.897,52.23,0.001,6.136,41.14,0,974,0,0,0,0,0,0,0,0,0,0,0
1646607000,3.844,53.97,0.001,4.915,54.18,0,974,0,0,0,0,0,0,0,0,0,0,0
1646607600,3.6639999999999997,52.33,0.001,3.822,50.55,0,974,0,0,0,0,0,0,0,0,0,0,0
1646608200,3.59,49.88,0.001,2.722,50.37,0,974,0,0,0,0,0,0,0,0,0,0,0
1646608800,3.5989999999999998,51.01,0.001,2.14,53.46,0,974,0,0,0,0,0,0,0,0,0,0,0
1646609400,3.409,52.84,0.001,1.153,174.6,0,974,0,0,0,0,0,0,0,0,0,0,0
1646610000,3.139,53.85,0.001,1.2570000000000001,307.3,0,974,0,0,0,0,0,0,0,0,0,0,0
1646610600,3.033,54.54,0.001,3.7880000000000003,61.32,0,974,0,0,0,0,0,0,0,0,0,0,0